-0.00408172, 0.0975, 0.0132132, 0.1095, 0.0339398, 0.1025
0.304272, 0.144, 0.254602, 0.15, 0.239404, 0.1365
0.480914, 0.1755, 0.436669, 0.183, 0.411157, 0.1595
0.576114, 0.1995, 0.541693, 0.209, 0.446299, 0.187
0.611006, 0.215, 0.645215, 0.228, 0.596201, 0.207
0.699646, 0.233, 0.681257, 0.2475, 0.654386, 0.233
0.792592, 0.254, 0.733056, 0.264, 0.694751, 0.249
0.793372, 0.2705, 0.796244, 0.273, 0.751982, 0.262
0.841451, 0.2775, 0.809554, 0.2865, 0.795436, 0.2785
0.889383, 0.285, 0.839749, 0.294, 0.775302, 0.2875
0.851767, 0.287, 0.863718, 0.297, 0.803728, 0.294
0.882274, 0.2955, 0.925291, 0.3, 0.821716, 0.3095
0.887388, 0.3015, 0.939439, 0.3115, 0.888109, 0.3225
0.926469, 0.3055, 0.879456, 0.3115, 0.903156, 0.331
0.929394, 0.313, 0.916748, 0.3155, 0.924099, 0.335
0.940031, 0.315, 0.92343, 0.319, 0.914173, 0.3395
0.975893, 0.3185, 0.952999, 0.323, 0.912354, 0.341
0.960417, 0.32, 0.980271, 0.3255, 0.974384, 0.353
0.931061, 0.323, 0.977604, 0.326, 0.947904, 0.351
1.00138, 0.326, 0.946066, 0.3285, 0.934216, 0.359
0.987348, 0.3285, 0.941114, 0.332, 0.910696, 0.363
1.01968, 0.331, 0.984688, 0.337, 0.95766, 0.3675
1.01409, 0.333, 0.981001, 0.337, 0.997213, 0.3845
1.00442, 0.3335, 1.00393, 0.3385, 0.985862, 0.3835
0.997675, 0.3355, 1.00158, 0.341, 0.983024, 0.3845
0.960614, 0.336, 0.986633, 0.345, 0.953673, 0.38
0.974048, 0.3365, 0.951, 0.3455, 0.999782, 0.393
0.98555, 0.337, 0.96644, 0.347, 1.00696, 0.3965
1.02476, 0.338, 1.02153, 0.35, 1.0249, 0.3965
0.999437, 0.3385, 1.0007, 0.35, 1.00857, 0.3955
0.972422, 0.339, 0.997504, 0.35, 0.992278, 0.397
1.00912, 0.3405, 1.00277, 0.351, 1.02727, 0.4045
0.981655, 0.3415, 1.01357, 0.3515, 1.02237, 0.3945
1.02179, 0.3415, 1.00028, 0.3535, 0.973314, 0.411
0.984012, 0.3425, 1.0101, 0.3545, 1.01714, 0.4105
0.987464, 0.342, 1.04468, 0.356, 1.06618, 0.413
0.984094, 0.342, 0.986535, 0.3595, 1.0437, 0.4255
1.01937, 0.342, 1.00377, 0.359, 1.04704, 0.4205
1.00183, 0.3425, 1.02535, 0.358, 1.01322, 0.423
1.0083, 0.3435, 1.03845, 0.361, 1.09256, 0.435
0.973834, 0.344, 1.03505, 0.361, 1.1329, 0.443
0.979032, 0.344, 1.02367, 0.363, 1.08651, 0.441
1.02204, 0.3445, 1.02901, 0.3605, 1.05835, 0.4445
0.993824, 0.3445, 1.0118, 0.3625, 1.03577, 0.4355
0.987645, 0.3455, 1.02124, 0.3605, 1.04347, 0.4465
1.0608, 0.346, 1.02531, 0.362, 1.09476, 0.4515
0.956223, 0.346, 1.01393, 0.362, 1.08204, 0.4555
1.00202, 0.346, 1.08474, 0.3625, 1.06873, 0.4515
1.01047, 0.3465, 1.05005, 0.3665, 1.0906, 0.457
0.985452, 0.3465, 1.0877, 0.3695, 1.07602, 0.4595
1.00544, 0.3465, 1.04934, 0.367, 1.10997, 0.4645
0.984533, 0.347, 1.04366, 0.3705, 1.04712, 0.4615
1.0046, 0.3485, 1.06645, 0.3715, 1.07154, 0.472
0.990891, 0.3495, 1.05302, 0.3725, 1.10619, 0.4605
0.995817, 0.3505, 1.05432, 0.3715, 1.14132, 0.476
1.01469, 0.3505, 1.00171, 0.371, 1.12912, 0.473
0.98062, 0.351, 1.01978, 0.3715, 1.11558, 0.4685
1.01176, 0.3515, 1.02362, 0.3715, 1.13867, 0.4775
1.01571, 0.351, 1.02473, 0.3705, 1.12415, 0.4745
1.00794, 0.351, 1.05196, 0.3705, 1.1152, 0.4845
1.05129, 0.351, 1.07377, 0.3695, 1.12584, 0.481
0.96761, 0.351, 1.00864, 0.373, 1.12965, 0.494
1.02153, 0.3515, 1.04968, 0.3735, 1.15771, 0.489
1.03578, 0.3515, 1.01561, 0.373, 1.16147, 0.4955
1.04564, 0.352, 1.09411, 0.373, 1.18146, 0.4915
1.01576, 0.352, 1.00738, 0.3755, 1.20657, 0.4975
1.03871, 0.352, 1.02574, 0.3765, 1.14808, 0.5005
1.02014, 0.3525, 1.04881, 0.3755, 1.11573, 0.499
1.03042, 0.3525, 1.0707, 0.376, 1.12068, 0.5115
0.985433, 0.3525, 1.08048, 0.3755, 1.17026, 0.5065
1.02848, 0.353, 1.05811, 0.3785, 1.19608, 0.513
1.01051, 0.353, 1.04606, 0.3775, 1.14183, 0.505
1.01106, 0.353, 1.04955, 0.3755, 1.12711, 0.509
1.03056, 0.353, 1.0617, 0.377, 1.15222, 0.5085
0.994283, 0.3535, 1.07386, 0.378, 1.19441, 0.517
0.998518, 0.3535, 1.04813, 0.3775, 1.16405, 0.522
1.03899, 0.3535, 1.06179, 0.381, 1.15049, 0.51
1.01743, 0.3535, 1.03026, 0.381, 1.12955, 0.517
1.03371, 0.3535, 1.0878, 0.38, 1.1673, 0.5195
0.999862, 0.3535, 1.04191, 0.3805, 1.16171, 0.5265
1.03477, 0.3535, 1.11281, 0.3815, 1.21561, 0.542
1.01835, 0.3535, 1.08199, 0.384, 1.19077, 0.528
1.02611, 0.3535, 1.07648, 0.381, 1.19508, 0.5265
1.02869, 0.3535, 1.10791, 0.3815, 1.21195, 0.529
1.02304, 0.3535, 1.04725, 0.3815, 1.19211, 0.534
1.04768, 0.354, 1.04069, 0.3825, 1.17919, 0.5335
1.03105, 0.354, 1.07869, 0.38, 1.22807, 0.537
1.02069, 0.354, 1.09299, 0.384, 1.16161, 0.528
1.04996, 0.354, 1.0637, 0.383, 1.1391, 0.518
1.04452, 0.354, 1.09742, 0.3815, 1.19823, 0.53
1.04606, 0.354, 1.04786, 0.3815, 1.20188, 0.538
1.03251, 0.354, 1.08403, 0.3815, 1.2244, 0.538
1.05208, 0.354, 1.05566, 0.386, 1.19783, 0.5405
1.00104, 0.354, 1.08326, 0.3855, 1.1663, 0.5355
1.05072, 0.354, 1.08668, 0.3855, 1.18346, 0.5525
1.03628, 0.354, 1.05685, 0.387, 1.17097, 0.5385
1.00191, 0.354, 1.08163, 0.3875, 1.20567, 0.55
1.03602, 0.354, 1.10726, 0.3895, 1.1894, 0.55
1.03162, 0.354, 1.10088, 0.3875, 1.16161, 0.5455
1.03559, 0.354, 1.05658, 0.3885, 1.23884, 0.558
1.03502, 0.354, 1.06046, 0.391, 1.25603, 0.5655
1.05098, 0.354, 1.09565, 0.392, 1.20663, 0.557
0.990055, 0.3545, 1.10822, 0.394, 1.19403, 0.5635
1.01557, 0.354, 1.08345, 0.395, 1.20305, 0.5625
1.01414, 0.354, 1.06576, 0.3925, 1.2475, 0.568
1.04782, 0.354, 1.10822, 0.394, 1.23731, 0.558
0.998603, 0.354, 1.08925, 0.3945, 1.20717, 0.55
1.01052, 0.354, 1.09526, 0.393, 1.22629, 0.576
1.06218, 0.354, 1.06502, 0.3945, 1.16644, 0.5645
0.996817, 0.354, 1.08231, 0.3965, 1.25024, 0.5745
0.992347, 0.354, 1.07567, 0.396, 1.23193, 0.573
1.03354, 0.354, 1.09461, 0.3945, 1.21482, 0.565
0.999913, 0.354, 1.06774, 0.395, 1.21915, 0.573
0.982974, 0.354, 1.11394, 0.396, 1.22586, 0.571
1.03993, 0.354, 1.09058, 0.3965, 1.20487, 0.5785
1.02101, 0.3545, 1.05726, 0.3975, 1.21865, 0.576
1.0111, 0.3545, 1.09103, 0.4005, 1.21449, 0.574
1.00054, 0.355, 1.08145, 0.399, 1.1681, 0.581
1.0713, 0.355, 1.09118, 0.396, 1.2493, 0.588
1.06759, 0.355, 1.10493, 0.3975, 1.1984, 0.5795
1.02869, 0.355, 1.07418, 0.4, 1.24995, 0.58
1.03419, 0.355, 1.09549, 0.4035, 1.21092, 0.588
1.03253, 0.355, 1.10363, 0.403, 1.27128, 0.5865
1.00772, 0.355, 1.12105, 0.401, 1.28707, 0.59
1.02531, 0.355, 1.1105, 0.4025, 1.23203, 0.594
1.04665, 0.355, 1.10822, 0.4, 1.24234, 0.591
1.01435, 0.355, 1.09485, 0.402, 1.26313, 0.598
1.01597, 0.355, 1.07929, 0.403, 1.27729, 0.595
0.978252, 0.355, 1.10652, 0.4035, 1.1874, 0.595
1.05745, 0.355, 1.1269, 0.404, 1.20853, 0.5935
1.01293, 0.355, 1.1256, 0.4055, 1.23713, 0.608
1.05375, 0.355, 1.05746, 0.403, 1.2719, 0.604
1.04178, 0.3555, 1.06712, 0.403, 1.27943, 0.61
1.017, 0.3555, 1.13309, 0.4045, 1.26391, 0.6075
1.02356, 0.356, 1.10305, 0.4045, 1.28827, 0.6115
1.0175, 0.356, 1.10866, 0.406, 1.22824, 0.5945
1.10061, 0.356, 1.1358, 0.406, 1.28596, 0.605
1.05298, 0.356, 1.09505, 0.4045, 1.29532, 0.613
1.02208, 0.356, 1.11587, 0.4065, 1.25592, 0.622
1.00023, 0.356, 1.08492, 0.4055, 1.26073, 0.606
0.989576, 0.356, 1.10391, 0.405, 1.29392, 0.613
1.05363, 0.356, 1.10205, 0.409, 1.30214, 0.623
1.04709, 0.356, 1.08748, 0.407, 1.25056, 0.6235
1.02501, 0.356, 1.09283, 0.406, 1.26218, 0.6165
1.04346, 0.356, 1.10634, 0.409, 1.30279, 0.6145
1.01425, 0.356, 1.14573, 0.4105, 1.28926, 0.619
1.00857, 0.356, 1.12437, 0.4105, 1.2115, 0.6095
1.05652, 0.356, 1.08326, 0.41, 1.24517, 0.615
1.02559, 0.356, 1.14239, 0.41, 1.2816, 0.6175
1.04166, 0.356, 1.08618, 0.4075, 1.26566, 0.623
1.0099, 0.356, 1.12946, 0.4055, 1.24006, 0.614
1.02721, 0.356, 1.09192, 0.411, 1.29024, 0.627
0.997671, 0.356, 1.12361, 0.412, 1.24677, 0.6225
1.05458, 0.356, 1.0828, 0.41, 1.23958, 0.624
1.01971, 0.356, 1.13174, 0.4105, 1.27428, 0.6185
1.05614, 0.356, 1.12932, 0.4105, 1.27096, 0.634
1.04806, 0.356, 1.12032, 0.4125, 1.29633, 0.634
0.996697, 0.356, 1.11281, 0.411, 1.26164, 0.628
1.03237, 0.356, 1.12367, 0.4135, 1.27242, 0.6225
0.98653, 0.356, 1.06718, 0.4115, 1.26433, 0.629
1.00076, 0.356, 1.12237, 0.413, 1.30234, 0.6285
1.03167, 0.356, 1.14498, 0.412, 1.28356, 0.631
1.04792, 0.356, 1.09165, 0.4145, 1.2402, 0.63
1.04108, 0.356, 1.11571, 0.4095, 1.28015, 0.63
1.04401, 0.356, 1.05021, 0.4115, 1.25245, 0.639
1.04301, 0.356, 1.10963, 0.412, 1.25125, 0.622
1.06727, 0.356, 1.10445, 0.413, 1.29135, 0.6335
1.03516, 0.356, 1.06213, 0.4145, 1.33941, 0.6425
1.02917, 0.356, 1.10929, 0.4145, 1.31066, 0.647
1.04961, 0.356, 1.11845, 0.412, 1.27955, 0.6295
1.0156, 0.356, 1.08431, 0.4165, 1.25974, 0.6405
1.01551, 0.3565, 1.10544, 0.418, 1.32627, 0.638
1.0379, 0.3565, 1.14465, 0.418, 1.28977, 0.6415
1.01677, 0.3565, 1.12627, 0.4165, 1.31333, 0.648
1.04148, 0.3565, 1.09249, 0.4195, 1.27502, 0.645
1.05347, 0.3565, 1.05866, 0.4165, 1.24722, 0.6415
1.01324, 0.3565, 1.14851, 0.416, 1.31181, 0.637
1.00176, 0.3565, 1.1006, 0.4145, 1.35421, 0.654
1.05169, 0.3565, 1.15031, 0.417, 1.24777, 0.6395
1.05925, 0.3565, 1.12865, 0.4175, 1.30322, 0.6455
0.994564, 0.3565, 1.08881, 0.42, 1.28354, 0.647
1.05235, 0.3565, 1.12799, 0.419, 1.32485, 0.6495
1.04736, 0.3565, 1.12833, 0.4195, 1.29507, 0.6475
1.03012, 0.3565, 1.09521, 0.4205, 1.30825, 0.656
1.00152, 0.3565, 1.11944, 0.419, 1.28332, 0.653
1.03086, 0.3565, 1.08819, 0.418, 1.28843, 0.6485
1.04394, 0.3565, 1.14104, 0.4185, 1.29542, 0.637
1.01915, 0.3565, 1.09176, 0.416, 1.31608, 0.6535
1.03038, 0.3565, 1.14633, 0.422, 1.26188, 0.636
1.00972, 0.3565, 1.11863, 0.417, 1.27957, 0.654
1.00783, 0.3565, 1.07422, 0.4205, 1.29981, 0.6495
0.999045, 0.3565, 1.13635, 0.421, 1.27528, 0.6445
1.03179, 0.3565, 1.14906, 0.42, 1.27482, 0.657
1.00045, 0.3565, 1.14857, 0.424, 1.29595, 0.647
1.00887, 0.3565, 1.14316, 0.4215, 1.31282, 0.652
1.06362, 0.3565, 1.13031, 0.4205, 1.31594, 0.647
1.02976, 0.3565, 1.13785, 0.4205, 1.30756, 0.645
1.04684, 0.3565, 1.12619, 0.4215, 1.3091, 0.65
1.08036, 0.3565, 1.10739, 0.421, 1.34253, 0.6485
1.05731, 0.3565, 1.14589, 0.422, 1.28339, 0.648
1.00513, 0.3565, 1.14811, 0.423, 1.33264, 0.6655
1.00913, 0.3565, 1.10296, 0.422, 1.30711, 0.6535
1.04982, 0.3565, 1.11839, 0.4255, 1.3088, 0.6615
1.00687, 0.3565, 1.14561, 0.4255, 1.29534, 0.6515
1.01942, 0.3565, 1.12962, 0.429, 1.27878, 0.6615
1.0252, 0.3565, 1.14998, 0.43, 1.30923, 0.6505
1.05185, 0.3565, 1.1361, 0.4295, 1.29441, 0.6655
1.03121, 0.3565, 1.14556, 0.4305, 1.32994, 0.677
1.05063, 0.3565, 1.10156, 0.431, 1.33112, 0.6655
1.02728, 0.3565, 1.16675, 0.429, 1.28182, 0.6615
1.0205, 0.3565, 1.13423, 0.429, 1.32727, 0.6625
1.009, 0.3565, 1.08529, 0.429, 1.31171, 0.668
1.03835, 0.3565, 1.13516, 0.4255, 1.32187, 0.6685
1.04557, 0.3565, 1.09254, 0.429, 1.34062, 0.665
1.06034, 0.3565, 1.1007, 0.43, 1.29241, 0.668
1.02786, 0.3565, 1.11935, 0.428, 1.3166, 0.6725
1.02505, 0.3565, 1.18924, 0.4305, 1.32653, 0.6735
1.05285, 0.3565, 1.10399, 0.4295, 1.31581, 0.669
0.993166, 0.3565, 1.13616, 0.428, 1.30517, 0.6685
1.01376, 0.3565, 1.12264, 0.4315, 1.325, 0.6705
1.04279, 0.3565, 1.15702, 0.43, 1.32794, 0.678
1.05776, 0.3565, 1.11917, 0.433, 1.33089, 0.668
1.03444, 0.3565, 1.05968, 0.428, 1.3096, 0.6825
1.04067, 0.3565, 1.12101, 0.4285, 1.32625, 0.6775
1.0314, 0.3565, 1.09861, 0.435, 1.27816, 0.6745
1.05673, 0.3565, 1.15122, 0.4295, 1.28445, 0.6655
1.05033, 0.3565, 1.1166, 0.43, 1.36363, 0.6765
1.02489, 0.3565, 1.12785, 0.4305, 1.3092, 0.6785
1.02792, 0.3565, 1.12458, 0.432, 1.33132, 0.6735
1.07834, 0.3565, 1.16434, 0.429, 1.32018, 0.69
1.02376, 0.3565, 1.14781, 0.4305, 1.27765, 0.6735
1.02518, 0.3565, 1.12709, 0.4315, 1.30097, 0.685
1.02488, 0.3565, 1.13643, 0.4305, 1.28888, 0.676
1.02403, 0.3565, 1.09841, 0.432, 1.30276, 0.681
1.0349, 0.3565, 1.11762, 0.431, 1.30357, 0.683
0.97789, 0.3565, 1.14027, 0.4325, 1.32203, 0.6885
1.00816, 0.3565, 1.1232, 0.4355, 1.32752, 0.6975
1.00555, 0.3565, 1.1365, 0.434, 1.33032, 0.6935
1.03511, 0.3565, 1.12973, 0.4355, 1.28213, 0.6815
0.988135, 0.3565, 1.15223, 0.4345, 1.36339, 0.6905
1.0388, 0.3565, 1.12118, 0.4385, 1.37026, 0.6875
1.01332, 0.3565, 1.16813, 0.438, 1.34671, 0.6895
1.03687, 0.3565, 1.12274, 0.4345, 1.3383, 0.6865
1.04122, 0.3565, 1.10776, 0.438, 1.26892, 0.6785
1.02345, 0.3565, 1.11934, 0.4355, 1.30435, 0.6835
1.06539, 0.3565, 1.11678, 0.437, 1.33208, 0.689
0.988193, 0.3565, 1.13171, 0.438, 1.28729, 0.6895
1.02774, 0.3565, 1.13855, 0.4355, 1.35823, 0.6875
1.02566, 0.3565, 1.13501, 0.4405, 1.35691, 0.6965
1.03556, 0.3565, 1.16441, 0.435, 1.31943, 0.692
1.00704, 0.357, 1.1527, 0.4365, 1.33516, 0.6865
1.0656, 0.3565, 1.12231, 0.4395, 1.33709, 0.688
1.06358, 0.3565, 1.14938, 0.444, 1.30219, 0.6865
1.06907, 0.3565, 1.17242, 0.443, 1.33953, 0.695
1.04579, 0.3565, 1.14191, 0.4395, 1.36177, 0.689
0.981332, 0.3565, 1.16802, 0.44, 1.32392, 0.6935
1.0598, 0.3565, 1.15819, 0.44, 1.32169, 0.683
1.05664, 0.3565, 1.16734, 0.4415, 1.29917, 0.6925
1.04469, 0.3565, 1.16526, 0.4415, 1.35745, 0.692
0.98638, 0.3565, 1.17497, 0.4425, 1.30947, 0.687
1.0005, 0.3565, 1.18307, 0.4415, 1.38524, 0.694
1.02274, 0.3565, 1.12718, 0.4415, 1.31149, 0.683
1.0553, 0.3565, 1.16719, 0.4405, 1.30049, 0.6965
1.05043, 0.3565, 1.16561, 0.442, 1.32036, 0.7025
1.01949, 0.3565, 1.19379, 0.4445, 1.37707, 0.7065
1.05774, 0.3565, 1.16624, 0.4435, 1.2952, 0.6935
1.00711, 0.3565, 1.15399, 0.4415, 1.29776, 0.6815
1.02288, 0.3565, 1.15723, 0.4445, 1.3404, 0.699
1.02626, 0.3565, 1.16595, 0.4435, 1.29388, 0.6945
1.01305, 0.3565, 1.15226, 0.4425, 1.34158, 0.7
1.04433, 0.3565, 1.13902, 0.444, 1.34091, 0.694
1.0385, 0.3565, 1.17179, 0.446, 1.33037, 0.6975
1.01024, 0.3565, 1.156, 0.4455, 1.304, 0.6975
1.04593, 0.357, 1.16471, 0.4455, 1.30472, 0.6935
1.0357, 0.3565, 1.13918, 0.445, 1.38259, 0.7105
1.01111, 0.3565, 1.17066, 0.443, 1.30614, 0.704
1.00467, 0.3565, 1.154, 0.446, 1.32112, 0.6995
1.0262, 0.3565, 1.14141, 0.447, 1.29039, 0.694
1.01045, 0.3565, 1.16593, 0.444, 1.36211, 0.7015
1.05553, 0.3565, 1.16469, 0.449, 1.29385, 0.6905
1.00287, 0.3565, 1.15552, 0.447, 1.3627, 0.7085
1.04933, 0.3565, 1.11984, 0.4445, 1.33804, 0.71
1.01064, 0.3565, 1.18772, 0.4475, 1.27732, 0.6995
1.02316, 0.3565, 1.18602, 0.4495, 1.34582, 0.704
1.06008, 0.3565, 1.15615, 0.446, 1.3527, 0.7055
1.06397, 0.3565, 1.15658, 0.447, 1.32161, 0.699
1.00851, 0.3565, 1.17938, 0.448, 1.27498, 0.684
1.06365, 0.3565, 1.136, 0.445, 1.27638, 0.6985
1.0415, 0.3565, 1.15822, 0.448, 1.33948, 0.708
1.06291, 0.3565, 1.17035, 0.4485, 1.30199, 0.701
1.05338, 0.3565, 1.15688, 0.4475, 1.31562, 0.711
1.02019, 0.3565, 1.15389, 0.4535, 1.31717, 0.7045
1.04662, 0.3565, 1.1671, 0.4475, 1.32518, 0.7105
1.03241, 0.3565, 1.18304, 0.448, 1.32752, 0.708
0.985998, 0.3565, 1.17596, 0.455, 1.29495, 0.709
1.04193, 0.3565, 1.14724, 0.4525, 1.33054, 0.7125
1.06677, 0.3565, 1.14911, 0.451, 1.3221, 0.7135
1.03639, 0.3565, 1.1656, 0.453, 1.34842, 0.7205
1.04797, 0.3565, 1.19027, 0.4515, 1.34537, 0.715
0.998215, 0.3565, 1.14977, 0.455, 1.33333, 0.716
1.01117, 0.3565, 1.16357, 0.453, 1.31457, 0.7135
1.0187, 0.3565, 1.15208, 0.452, 1.36108, 0.716
1.02175, 0.3565, 1.10809, 0.453, 1.35514, 0.7145
1.03303, 0.3565, 1.21109, 0.453, 1.34622, 0.719
1.06157, 0.3565, 1.19006, 0.4485, 1.354, 0.718
1.03971, 0.3565, 1.16477, 0.4525, 1.36997, 0.726
1.03039, 0.3565, 1.17188, 0.45, 1.40249, 0.731
1.0366, 0.3565, 1.16305, 0.452, 1.41936, 0.726
1.04507, 0.3565, 1.14917, 0.4525, 1.34205, 0.7245
1.03691, 0.3565, 1.16065, 0.4525, 1.32735, 0.735
1.02652, 0.3565, 1.15658, 0.4545, 1.32899, 0.7125
1.03107, 0.3565, 1.19931, 0.455, 1.38427, 0.725
0.981453, 0.3565, 1.13431, 0.4585, 1.38117, 0.7225
1.06194, 0.3565, 1.15682, 0.4575, 1.36002, 0.7255
1.0802, 0.3565, 1.17529, 0.459, 1.33858, 0.725
1.07391, 0.3565, 1.19059, 0.4585, 1.34047, 0.719
1.06056, 0.3565, 1.18948, 0.4595, 1.33748, 0.729
1.02866, 0.3565, 1.1865, 0.4585, 1.3679, 0.725
0.978243, 0.3565, 1.18119, 0.461, 1.34957, 0.735
1.04835, 0.3565, 1.19056, 0.458, 1.33885, 0.721
1.06457, 0.3565, 1.16696, 0.4605, 1.33455, 0.721
1.02459, 0.3565, 1.20784, 0.4635, 1.33637, 0.716
1.02024, 0.3565, 1.16357, 0.4585, 1.36479, 0.722
1.02194, 0.3565, 1.16285, 0.4615, 1.30705, 0.7215
1.00861, 0.3565, 1.13371, 0.462, 1.31587, 0.7265
1.07201, 0.3565, 1.21, 0.461, 1.37365, 0.7165
1.04967, 0.3565, 1.20822, 0.46, 1.34015, 0.723
1.02171, 0.3565, 1.17215, 0.4625, 1.35184, 0.724
1.04904, 0.3565, 1.16958, 0.4645, 1.31044, 0.716
1.04837, 0.3565, 1.21821, 0.465, 1.33228, 0.73
1.01993, 0.3565, 1.17267, 0.463, 1.34888, 0.719
1.0097, 0.3565, 1.17519, 0.4655, 1.38642, 0.7225
1.01181, 0.3565, 1.22447, 0.4645, 1.36456, 0.7235
1.02022, 0.3565, 1.15682, 0.465, 1.32219, 0.7205
1.04473, 0.3565, 1.1669, 0.4715, 1.37139, 0.734
1.02263, 0.3565, 1.18451, 0.4655, 1.34937, 0.7185
1.0477, 0.3565, 1.206, 0.468, 1.38084, 0.7325
1.06307, 0.3565, 1.1721, 0.47, 1.32946, 0.723
1.02492, 0.3565, 1.18984, 0.4725, 1.32835, 0.712
1.02935, 0.3565, 1.22797, 0.4735, 1.35159, 0.735
1.05563, 0.3565, 1.20593, 0.4705, 1.32471, 0.73
1.04913, 0.3565, 1.20156, 0.4715, 1.33987, 0.7195
0.993537, 0.3565, 1.20757, 0.472, 1.29204, 0.722
1.00068, 0.3565, 1.16047, 0.4705, 1.3706, 0.7335
1.06135, 0.3565, 1.15639, 0.472, 1.37838, 0.735
1.00638, 0.3565, 1.15546, 0.47, 1.36684, 0.7375
1.00756, 0.3565, 1.23295, 0.47, 1.32632, 0.7275
1.04662, 0.3565, 1.18896, 0.4725, 1.35888, 0.7215
1.04221, 0.3565, 1.16838, 0.4745, 1.41519, 0.737
0.991633, 0.3565, 1.16004, 0.4755, 1.35104, 0.731
1.02824, 0.3565, 1.18811, 0.4755, 1.32116, 0.715
1.04686, 0.3565, 1.20175, 0.4775, 1.32179, 0.726
1.04772, 0.3565, 1.1933, 0.476, 1.40455, 0.745
1.03673, 0.3565, 1.18483, 0.4735, 1.34738, 0.733
1.02189, 0.3565, 1.2039, 0.4765, 1.36058, 0.732
1.0209, 0.3565, 1.16307, 0.4775, 1.3606, 0.727
1.02128, 0.3565, 1.19889, 0.4755, 1.36125, 0.727
1.06325, 0.3565, 1.17893, 0.4745, 1.3636, 0.7365
1.01202, 0.3565, 1.22387, 0.474, 1.3109, 0.735
1.02796, 0.3565, 1.2154, 0.477, 1.37727, 0.7365
1.04277, 0.3565, 1.21023, 0.475, 1.31639, 0.723
1.01723, 0.3565, 1.19196, 0.477, 1.3482, 0.735
1.01814, 0.3565, 1.1732, 0.4795, 1.3076, 0.7335
1.03283, 0.3565, 1.20301, 0.4785, 1.37289, 0.73
1.03015, 0.3565, 1.23382, 0.4765, 1.3314, 0.7265
0.996802, 0.3565, 1.23143, 0.4785, 1.35979, 0.724
1.05414, 0.3565, 1.17255, 0.478, 1.31374, 0.7215
1.06228, 0.3565, 1.21354, 0.4755, 1.31709, 0.7275
1.00605, 0.3565, 1.21224, 0.4795, 1.35043, 0.732
1.03359, 0.3565, 1.17739, 0.4805, 1.35484, 0.744
1.0078, 0.3565, 1.24979, 0.4775, 1.36097, 0.7355
1.0251, 0.3565, 1.18842, 0.477, 1.29932, 0.724
1.01805, 0.3565, 1.20382, 0.477, 1.34064, 0.7285
1.05426, 0.3565, 1.21427, 0.479, 1.34111, 0.7305
1.01936, 0.3565, 1.20179, 0.4785, 1.36224, 0.733
1.03735, 0.3565, 1.18444, 0.481, 1.36253, 0.7275
1.04131, 0.3565, 1.19733, 0.4805, 1.3541, 0.729
1.00763, 0.3565, 1.19371, 0.4785, 1.33159, 0.7305
0.996842, 0.3565, 1.22692, 0.479, 1.35644, 0.7355
0.996071, 0.3565, 1.1872, 0.48, 1.36588, 0.7475
1.02723, 0.3565, 1.20878, 0.479, 1.32358, 0.7275
1.05066, 0.3565, 1.22417, 0.484, 1.38513, 0.728
1.02732, 0.3565, 1.19507, 0.4805, 1.37517, 0.7455
1.03427, 0.3565, 1.22659, 0.479, 1.38917, 0.7475
1.03005, 0.3565, 1.21054, 0.4795, 1.32274, 0.741
1.04964, 0.3565, 1.20452, 0.4785, 1.35845, 0.7425
1.04884, 0.3565, 1.19413, 0.482, 1.35202, 0.737
1.00675, 0.3565, 1.20131, 0.483, 1.36928, 0.7375
1.04736, 0.3565, 1.22242, 0.4825, 1.37604, 0.742
1.05093, 0.3565, 1.21366, 0.4825, 1.38284, 0.745
1.00561, 0.3565, 1.17948, 0.481, 1.35626, 0.7275
1.01062, 0.3565, 1.20179, 0.4825, 1.35846, 0.734
1.03727, 0.3565, 1.23403, 0.4815, 1.32527, 0.737
1.01629, 0.3565, 1.20353, 0.482, 1.3285, 0.7445
1.02406, 0.3565, 1.17553, 0.481, 1.35138, 0.737
1.02783, 0.3565, 1.23797, 0.482, 1.37935, 0.7475
1.04327, 0.3565, 1.16581, 0.481, 1.36432, 0.7365
1.02409, 0.3565, 1.22731, 0.4855, 1.35322, 0.732
1.03968, 0.3565, 1.21776, 0.4845, 1.38858, 0.7415
1.03129, 0.3565, 1.22275, 0.483, 1.31079, 0.7395
1.02148, 0.3565, 1.17348, 0.484, 1.31906, 0.7375
1.01125, 0.3565, 1.20001, 0.484, 1.35682, 0.7505
1.07263, 0.3565, 1.24574, 0.485, 1.3386, 0.739
1.01375, 0.357, 1.21032, 0.4865, 1.35631, 0.744
1.05424, 0.357, 1.19106, 0.486, 1.33604, 0.7405
1.04601, 0.357, 1.1974, 0.484, 1.35308, 0.736
1.02834, 0.357, 1.2082, 0.4865, 1.38792, 0.7515
1.05477, 0.357, 1.19777, 0.485, 1.36165, 0.7535
1.04581, 0.357, 1.22519, 0.4885, 1.34155, 0.7365
1.04384, 0.357, 1.19989, 0.4885, 1.3965, 0.7445
1.00733, 0.357, 1.2163, 0.4895, 1.34723, 0.737
1.03412, 0.357, 1.21721, 0.4885, 1.35494, 0.73
1.04232, 0.357, 1.22218, 0.488, 1.28235, 0.7325
1.04165, 0.357, 1.20332, 0.491, 1.34506, 0.737
1.06034, 0.357, 1.20661, 0.493, 1.36072, 0.7405
1.05967, 0.357, 1.1824, 0.492, 1.33426, 0.7415
1.04667, 0.357, 1.22829, 0.4915, 1.37568, 0.744
1.02865, 0.357, 1.2824, 0.49, 1.35792, 0.7405
1.01511, 0.357, 1.25182, 0.492, 1.37914, 0.742
1.02805, 0.357, 1.1895, 0.4915, 1.37971, 0.7375
0.980064, 0.357, 1.21639, 0.492, 1.36584, 0.7325
1.02065, 0.357, 1.18787, 0.494, 1.36408, 0.7405
1.02072, 0.357, 1.22721, 0.494, 1.40583, 0.7565
1.03474, 0.357, 1.21185, 0.495, 1.38341, 0.737
1.03629, 0.357, 1.21312, 0.4925, 1.33919, 0.7345
1.02765, 0.357, 1.25914, 0.4935, 1.35126, 0.7355
1.00343, 0.357, 1.22476, 0.496, 1.37562, 0.7415
1.06148, 0.357, 1.23953, 0.4955, 1.37232, 0.7515
1.0375, 0.357, 1.25598, 0.4935, 1.3867, 0.745
1.02522, 0.357, 1.22116, 0.496, 1.32554, 0.7345
1.05515, 0.357, 1.22049, 0.495, 1.35535, 0.7435
1.00574, 0.357, 1.19738, 0.4945, 1.33637, 0.745
1.04456, 0.357, 1.24268, 0.498, 1.38083, 0.744
1.00508, 0.357, 1.18602, 0.497, 1.36799, 0.745
1.01968, 0.357, 1.21899, 0.496, 1.42227, 0.744
1.00977, 0.357, 1.154, 0.4955, 1.348, 0.74
1.04608, 0.357, 1.22424, 0.4975, 1.34738, 0.745
1.02757, 0.357, 1.19708, 0.4985, 1.30264, 0.738
0.968407, 0.357, 1.21072, 0.497, 1.33702, 0.742
1.04008, 0.357, 1.21789, 0.4985, 1.37349, 0.748
1.01753, 0.357, 1.21153, 0.4985, 1.35766, 0.751
1.05431, 0.357, 1.21347, 0.4995, 1.36508, 0.741
1.03386, 0.357, 1.20587, 0.5005, 1.30262, 0.7385
0.998284, 0.357, 1.25079, 0.503, 1.3506, 0.7415
0.999697, 0.357, 1.21765, 0.5015, 1.37447, 0.746
1.07401, 0.357, 1.21239, 0.502, 1.3818, 0.7475
1.01733, 0.357, 1.22304, 0.5025, 1.35918, 0.7425
1.02679, 0.357, 1.22619, 0.5005, 1.33119, 0.736
1.01731, 0.357, 1.24019, 0.503, 1.36705, 0.7305
1.04387, 0.357, 1.19404, 0.503, 1.34901, 0.7365
0.97353, 0.357, 1.22945, 0.503, 1.34673, 0.746
1.03092, 0.357, 1.22322, 0.502, 1.40869, 0.755
1.07471, 0.357, 1.19916, 0.5, 1.30032, 0.7405
1.0098, 0.357, 1.21025, 0.503, 1.39905, 0.74
1.04581, 0.357, 1.22888, 0.504, 1.37141, 0.747
1.04311, 0.357, 1.21657, 0.5, 1.35068, 0.738
1.01977, 0.357, 1.21476, 0.5025, 1.34662, 0.738
0.998143, 0.357, 1.24655, 0.503, 1.4228, 0.7495
1.04631, 0.357, 1.23699, 0.5055, 1.38256, 0.74
1.03163, 0.357, 1.23671, 0.505, 1.37794, 0.7435
1.03376, 0.357, 1.24447, 0.506, 1.37666, 0.744
1.05431, 0.357, 1.25623, 0.507, 1.31562, 0.7425
1.04307, 0.357, 1.22803, 0.5065, 1.35513, 0.743
1.04196, 0.357, 1.23048, 0.506, 1.36509, 0.75
1.02938, 0.357, 1.19286, 0.5075, 1.34926, 0.7465
1.05202, 0.357, 1.23652, 0.5055, 1.34671, 0.7445
1.03658, 0.357, 1.2293, 0.5065, 1.41552, 0.752
1.01449, 0.357, 1.24219, 0.5035, 1.34576, 0.748
1.03433, 0.357, 1.2251, 0.502, 1.35653, 0.7555
1.00155, 0.357, 1.21295, 0.506, 1.3705, 0.7495
1.07307, 0.357, 1.25209, 0.5065, 1.36504, 0.75
1.01127, 0.357, 1.21816, 0.505, 1.3222, 0.747
1.06916, 0.357, 1.24875, 0.506, 1.37694, 0.742
1.01559, 0.357, 1.25714, 0.5065, 1.38002, 0.7595
1.04178, 0.357, 1.17739, 0.508, 1.4382, 0.7585
1.02025, 0.357, 1.19837, 0.506, 1.33694, 0.7565
1.02794, 0.357, 1.19516, 0.51, 1.39392, 0.7465
1.02502, 0.357, 1.19316, 0.5085, 1.35422, 0.75
1.01961, 0.357, 1.23798, 0.5065, 1.41854, 0.759
1.03865, 0.357, 1.23276, 0.51, 1.34293, 0.7545
1.00143, 0.357, 1.22379, 0.5125, 1.39212, 0.7675
1.01495, 0.357, 1.19199, 0.506, 1.38992, 0.7515
1.04943, 0.357, 1.2438, 0.5085, 1.37518, 0.757
1.01481, 0.357, 1.25333, 0.5115, 1.37375, 0.762
0.997034, 0.357, 1.24354, 0.5125, 1.38912, 0.756
1.0067, 0.357, 1.25155, 0.513, 1.40885, 0.7615
1.00764, 0.357, 1.24576, 0.511, 1.35415, 0.753
1.07236, 0.357, 1.21589, 0.5075, 1.30962, 0.753
1.03768, 0.357, 1.19117, 0.508, 1.3407, 0.7505
1.03096, 0.357, 1.26038, 0.5105, 1.4309, 0.7605
1.06803, 0.357, 1.25886, 0.51, 1.40141, 0.7525
1.04971, 0.357, 1.23525, 0.5085, 1.35555, 0.755
1.04458, 0.357, 1.23869, 0.513, 1.38615, 0.763
1.02541, 0.357, 1.24778, 0.5115, 1.36789, 0.753
1.02939, 0.357, 1.22668, 0.5125, 1.37051, 0.7535
1.03558, 0.357, 1.26956, 0.514, 1.36194, 0.749
1.05384, 0.357, 1.22711, 0.511, 1.3486, 0.7475
1.05273, 0.357, 1.19864, 0.512, 1.36955, 0.763
1.01495, 0.357, 1.21086, 0.5075, 1.39191, 0.7585
1.06872, 0.357, 1.2221, 0.514, 1.37579, 0.76
1.01277, 0.357, 1.26269, 0.514, 1.36064, 0.7405
1.03683, 0.357, 1.2585, 0.512, 1.37068, 0.758
1.04476, 0.357, 1.26215, 0.5115, 1.36764, 0.7585
1.0808, 0.357, 1.26343, 0.514, 1.37557, 0.7615
1.03643, 0.357, 1.22661, 0.517, 1.3818, 0.763
1.06223, 0.357, 1.2163, 0.516, 1.38702, 0.759
1.02182, 0.357, 1.24271, 0.5155, 1.32394, 0.754
1.0137, 0.357, 1.27191, 0.5175, 1.34948, 0.753
1.00859, 0.357, 1.25189, 0.514, 1.35837, 0.7505
1.00051, 0.357, 1.21973, 0.5165, 1.33882, 0.764
1.04538, 0.357, 1.22091, 0.516, 1.37894, 0.7635
0.993686, 0.357, 1.26395, 0.5185, 1.36796, 0.753
1.01253, 0.357, 1.22061, 0.5165, 1.34538, 0.7555
1.05534, 0.357, 1.26457, 0.5195, 1.37861, 0.7575
1.0538, 0.357, 1.27413, 0.5215, 1.31644, 0.752
1.0144, 0.357, 1.22424, 0.5195, 1.32097, 0.755
1.02793, 0.357, 1.24155, 0.5215, 1.37097, 0.754
1.04538, 0.357, 1.20363, 0.5215, 1.38587, 0.7575
1.01105, 0.357, 1.27134, 0.522, 1.34198, 0.7625
1.04593, 0.357, 1.22381, 0.5205, 1.41434, 0.7655
1.08482, 0.357, 1.24204, 0.521, 1.30037, 0.749
1.02527, 0.357, 1.25999, 0.5215, 1.42596, 0.767
1.03204, 0.357, 1.26301, 0.522, 1.38121, 0.7575
1.04857, 0.357, 1.22925, 0.524, 1.41182, 0.7575
1.03564, 0.357, 1.20581, 0.523, 1.32202, 0.7565
1.01384, 0.357, 1.24296, 0.52, 1.36795, 0.7655
1.06717, 0.357, 1.27338, 0.5185, 1.34392, 0.758
1.00935, 0.357, 1.21421, 0.521, 1.40432, 0.7635
1.03406, 0.357, 1.23643, 0.521, 1.36531, 0.7595
1.02334, 0.357, 1.22224, 0.521, 1.36402, 0.7555
1.05498, 0.357, 1.25994, 0.5215, 1.42511, 0.7695
1.00746, 0.357, 1.1978, 0.5225, 1.36801, 0.763
1.02028, 0.357, 1.27919, 0.5205, 1.38899, 0.763
1.05417, 0.357, 1.2803, 0.5235, 1.33701, 0.763
1.04279, 0.357, 1.20314, 0.5205, 1.37076, 0.758
1.03968, 0.357, 1.24006, 0.5215, 1.33435, 0.753
1.05702, 0.357, 1.22658, 0.5185, 1.35265, 0.751
1.04769, 0.357, 1.24621, 0.5205, 1.36248, 0.7615
1.03103, 0.357, 1.24314, 0.5195, 1.351, 0.7615
1.04732, 0.357, 1.23414, 0.522, 1.39592, 0.7635
1.04771, 0.357, 1.23142, 0.516, 1.36713, 0.7475
1.05397, 0.357, 1.23937, 0.5215, 1.37026, 0.7595
1.05956, 0.357, 1.25955, 0.5235, 1.38053, 0.7685
1.02688, 0.357, 1.28357, 0.5215, 1.35731, 0.764
1.00365, 0.357, 1.26762, 0.525, 1.41477, 0.762
0.997013, 0.357, 1.25059, 0.5225, 1.3995, 0.7735
1.043, 0.357, 1.25777, 0.5225, 1.39065, 0.7645
1.01655, 0.357, 1.23082, 0.5235, 1.36415, 0.7645
1.01927, 0.357, 1.26355, 0.5205, 1.37548, 0.7585
1.01628, 0.357, 1.25822, 0.5235, 1.36278, 0.755
1.04933, 0.357, 1.23439, 0.5265, 1.34343, 0.7575
1.0431, 0.357, 1.26767, 0.526, 1.38693, 0.763
1.01034, 0.357, 1.23157, 0.524, 1.36186, 0.753
1.01986, 0.357, 1.27568, 0.527, 1.39347, 0.768
1.00458, 0.357, 1.23524, 0.522, 1.34321, 0.7515
1.05308, 0.357, 1.24569, 0.525, 1.35081, 0.757
1.04892, 0.357, 1.26366, 0.5275, 1.37524, 0.7595
1.03424, 0.357, 1.25817, 0.529, 1.37035, 0.761
1.03443, 0.357, 1.232, 0.5275, 1.38256, 0.758
1.05169, 0.357, 1.22919, 0.525, 1.39651, 0.7645
0.997568, 0.357, 1.25637, 0.5295, 1.35833, 0.763
1.00744, 0.357, 1.24406, 0.527, 1.39752, 0.7705
1.00972, 0.357, 1.24764, 0.53, 1.36987, 0.7655
1.0457, 0.357, 1.22296, 0.5295, 1.3144, 0.7645
1.01358, 0.357, 1.22532, 0.529, 1.34592, 0.764
1.02188, 0.357, 1.25898, 0.528, 1.41205, 0.7655
1.01185, 0.357, 1.21078, 0.526, 1.33655, 0.7585
1.02145, 0.357, 1.23837, 0.5305, 1.40088, 0.763
1.00626, 0.357, 1.25786, 0.5305, 1.40988, 0.77
1.03413, 0.357, 1.24514, 0.529, 1.39447, 0.7695
1.05382, 0.357, 1.20857, 0.529, 1.34775, 0.7675
0.981857, 0.357, 1.27191, 0.533, 1.34561, 0.771
1.01864, 0.357, 1.19871, 0.5315, 1.40181, 0.7645
1.0547, 0.357, 1.29451, 0.5305, 1.36289, 0.7735
1.00469, 0.357, 1.24123, 0.5325, 1.375, 0.77
1.02993, 0.357, 1.29757, 0.5325, 1.37872, 0.779
1.03928, 0.357, 1.26329, 0.5325, 1.36983, 0.772
0.998137, 0.357, 1.26671, 0.531, 1.33413, 0.7655
1.01556, 0.357, 1.22455, 0.531, 1.36771, 0.774
1.0251, 0.357, 1.24524, 0.532, 1.36609, 0.7585
0.981558, 0.357, 1.31131, 0.53, 1.35339, 0.7635
1.02828, 0.357, 1.25542, 0.533, 1.34929, 0.7695
1.04224, 0.357, 1.27158, 0.534, 1.41143, 0.765
1.07064, 0.357, 1.27105, 0.5345, 1.38045, 0.778
1.00117, 0.357, 1.27444, 0.535, 1.34967, 0.7605
1.03143, 0.357, 1.24235, 0.532, 1.33059, 0.758
0.984398, 0.357, 1.28276, 0.535, 1.3658, 0.7705
1.0405, 0.357, 1.26955, 0.5335, 1.36365, 0.768
1.06543, 0.357, 1.28766, 0.535, 1.38478, 0.7685
1.04383, 0.357, 1.26721, 0.537, 1.36654, 0.7675
1.06163, 0.357, 1.27158, 0.5345, 1.35039, 0.7605
1.02824, 0.357, 1.24473, 0.5365, 1.39414, 0.777
1.0199, 0.357, 1.25164, 0.5345, 1.37754, 0.7705
1.01773, 0.357, 1.24091, 0.537, 1.35768, 0.775
1.07219, 0.357, 1.2641, 0.54, 1.38144, 0.768
1.05603, 0.357, 1.30783, 0.539, 1.39927, 0.7665
1.01347, 0.357, 1.25401, 0.5385, 1.38517, 0.7655
1.00107, 0.357, 1.22529, 0.5435, 1.36639, 0.762
1.03706, 0.357, 1.2882, 0.544, 1.34245, 0.7565
1.0113, 0.357, 1.23532, 0.542, 1.38111, 0.7695
1.01579, 0.357, 1.2907, 0.537, 1.3622, 0.7705
1.02913, 0.357, 1.276, 0.541, 1.38632, 0.7755
0.992723, 0.357, 1.27758, 0.537, 1.36452, 0.77
1.02425, 0.357, 1.27298, 0.5385, 1.40061, 0.78
0.993091, 0.357, 1.27453, 0.541, 1.39179, 0.7695
1.0431, 0.357, 1.25412, 0.5415, 1.43561, 0.763
1.01682, 0.357, 1.23809, 0.537, 1.33122, 0.7635
1.02605, 0.357, 1.27819, 0.538, 1.40016, 0.763
1.08071, 0.357, 1.27535, 0.5415, 1.37752, 0.7735
1.05777, 0.357, 1.199, 0.5405, 1.39867, 0.7675
1.02303, 0.357, 1.27346, 0.5405, 1.35413, 0.7715
1.07299, 0.357, 1.22935, 0.541, 1.37678, 0.769
1.01639, 0.357, 1.26937, 0.5385, 1.38482, 0.773
1.03203, 0.357, 1.23781, 0.5395, 1.33993, 0.762
1.0111, 0.357, 1.2677, 0.5425, 1.3905, 0.771
1.03172, 0.357, 1.28065, 0.5425, 1.35263, 0.7665
1.00903, 0.357, 1.22358, 0.5425, 1.35185, 0.7775
1.07588, 0.357, 1.25579, 0.541, 1.32438, 0.776
1.03329, 0.357, 1.27905, 0.543, 1.3606, 0.7645
1.03036, 0.357, 1.27285, 0.5385, 1.3587, 0.7725
1.02188, 0.357, 1.28744, 0.5425, 1.45632, 0.7855
1.06246, 0.357, 1.26807, 0.5425, 1.36643, 0.775
1.01808, 0.357, 1.23574, 0.5415, 1.37846, 0.7665
1.03674, 0.357, 1.22428, 0.537, 1.36776, 0.7635
1.04423, 0.357, 1.24838, 0.5385, 1.39516, 0.776
1.05357, 0.357, 1.23672, 0.539, 1.421, 0.771
1.01098, 0.357, 1.23697, 0.544, 1.38302, 0.776
1.0241, 0.357, 1.30845, 0.5455, 1.38732, 0.7675
1.03462, 0.357, 1.23574, 0.543, 1.40439, 0.778
1.00924, 0.357, 1.22643, 0.543, 1.42021, 0.7845
1.04104, 0.357, 1.27237, 0.545, 1.37999, 0.7725
1.04266, 0.357, 1.24139, 0.5415, 1.42789, 0.782
1.011, 0.357, 1.26425, 0.543, 1.35306, 0.776
0.999599, 0.357, 1.27255, 0.544, 1.36081, 0.768
1.05549, 0.357, 1.23951, 0.5425, 1.39163, 0.784
1.05497, 0.357, 1.30597, 0.542, 1.38716, 0.7805
1.02685, 0.357, 1.24593, 0.543, 1.35558, 0.7755
1.00717, 0.357, 1.26077, 0.544, 1.42624, 0.782
1.02445, 0.357, 1.25998, 0.546, 1.34495, 0.78
1.07359, 0.357, 1.29244, 0.548, 1.38485, 0.7815
1.06041, 0.357, 1.28845, 0.546, 1.36231, 0.774
1.04508, 0.357, 1.28433, 0.5415, 1.39535, 0.772
1.02685, 0.357, 1.26637, 0.545, 1.37307, 0.785
1.01722, 0.357, 1.2766, 0.543, 1.34615, 0.7705
1.01969, 0.357, 1.27626, 0.5475, 1.40391, 0.779
1.03213, 0.357, 1.26771, 0.5425, 1.32874, 0.76
1.02674, 0.357, 1.2633, 0.545, 1.39591, 0.769
1.02034, 0.357, 1.26373, 0.5465, 1.40128, 0.774
1.00022, 0.357, 1.2491, 0.5465, 1.35217, 0.7745
1.04, 0.357, 1.2811, 0.548, 1.34295, 0.7735
1.01904, 0.357, 1.29767, 0.546, 1.35409, 0.768
1.01585, 0.357, 1.26626, 0.546, 1.41989, 0.7775
1.02, 0.357, 1.23652, 0.5465, 1.35163, 0.7605
1.04574, 0.357, 1.31257, 0.545, 1.34663, 0.7685
1.07008, 0.357, 1.29329, 0.5475, 1.3871, 0.7765
1.03686, 0.357, 1.28272, 0.5475, 1.34609, 0.7785
1.03149, 0.357, 1.26964, 0.5485, 1.3777, 0.7805
1.02921, 0.357, 1.27101, 0.547, 1.3613, 0.771
1.00499, 0.357, 1.25932, 0.5465, 1.36699, 0.7895
0.986694, 0.357, 1.25291, 0.545, 1.37632, 0.776
0.991958, 0.357, 1.2984, 0.5485, 1.37034, 0.777
1.0317, 0.357, 1.29314, 0.5505, 1.38185, 0.778
1.06631, 0.357, 1.28713, 0.551, 1.36016, 0.778
1.0407, 0.357, 1.30078, 0.5445, 1.36599, 0.774
1.01848, 0.357, 1.25907, 0.5475, 1.33155, 0.775
1.02122, 0.357, 1.28529, 0.5465, 1.35339, 0.769
1.00735, 0.357, 1.309, 0.548, 1.34416, 0.7815
1.03076, 0.357, 1.24393, 0.55, 1.38264, 0.779
1.01885, 0.357, 1.31399, 0.5505, 1.33951, 0.7815
1.03107, 0.357, 1.2859, 0.5495, 1.37131, 0.789
1.04984, 0.357, 1.29417, 0.5505, 1.34947, 0.7805
1.02214, 0.357, 1.29194, 0.5515, 1.38668, 0.7725
1.0191, 0.357, 1.24419, 0.5485, 1.40787, 0.7805
1.04399, 0.357, 1.27001, 0.549, 1.40121, 0.789
1.0459, 0.357, 1.3356, 0.55, 1.36115, 0.7785
1.00354, 0.357, 1.28086, 0.549, 1.37579, 0.782
1.04539, 0.357, 1.2799, 0.5495, 1.37123, 0.775
1.02358, 0.357, 1.24316, 0.549, 1.38553, 0.7915
1.02564, 0.357, 1.27097, 0.5465, 1.39148, 0.7835
1.04493, 0.357, 1.27807, 0.5485, 1.39975, 0.783
0.997303, 0.357, 1.28057, 0.55, 1.38359, 0.7765
1.02697, 0.357, 1.27348, 0.548, 1.41632, 0.7805
1.03545, 0.357, 1.27028, 0.551, 1.39458, 0.776
1.00686, 0.357, 1.31181, 0.5505, 1.41447, 0.776
1.04012, 0.357, 1.25386, 0.5525, 1.35269, 0.782
1.06098, 0.357, 1.26787, 0.552, 1.32468, 0.7775
1.04443, 0.357, 1.2864, 0.554, 1.38221, 0.786
1.03976, 0.357, 1.27515, 0.555, 1.38582, 0.7805
1.03585, 0.357, 1.27249, 0.5525, 1.34852, 0.7715
1.0444, 0.357, 1.28051, 0.553, 1.33736, 0.7695
1.01727, 0.357, 1.27941, 0.553, 1.39853, 0.779
1.02919, 0.357, 1.28014, 0.554, 1.41949, 0.792
1.04349, 0.357, 1.28294, 0.5555, 1.36493, 0.7815
1.07082, 0.357, 1.30861, 0.557, 1.41814, 0.7835
1.01565, 0.357, 1.29162, 0.556, 1.38968, 0.7905
1.04555, 0.357, 1.29824, 0.5605, 1.38776, 0.7745
1.04779, 0.357, 1.31893, 0.56, 1.34533, 0.782
1.03579, 0.357, 1.29568, 0.56, 1.39437, 0.7885
1.00595, 0.357, 1.27445, 0.561, 1.40637, 0.7745
1.02089, 0.357, 1.29506, 0.5595, 1.37136, 0.783
1.02609, 0.357, 1.29648, 0.56, 1.40696, 0.782
1.03547, 0.357, 1.29557, 0.558, 1.35774, 0.7825
0.981192, 0.357, 1.2786, 0.5585, 1.36159, 0.783
1.05032, 0.357, 1.29299, 0.56, 1.40375, 0.7765
1.04775, 0.357, 1.26524, 0.5595, 1.39557, 0.7835
1.01721, 0.357, 1.27037, 0.5585, 1.42879, 0.7885
1.04214, 0.357, 1.29701, 0.56, 1.39535, 0.786
0.989347, 0.357, 1.28032, 0.559, 1.36154, 0.777
1.00389, 0.357, 1.31009, 0.559, 1.379, 0.7705
1.06487, 0.357, 1.2701, 0.5605, 1.38021, 0.7775
0.988849, 0.357, 1.31469, 0.557, 1.41259, 0.792
1.06525, 0.357, 1.31759, 0.5615, 1.36357, 0.776
0.997334, 0.357, 1.28125, 0.561, 1.3586, 0.7675
1.05372, 0.357, 1.30293, 0.562, 1.34591, 0.784
1.05871, 0.357, 1.30559, 0.56, 1.39417, 0.7685
1.04963, 0.357, 1.28371, 0.56, 1.34219, 0.784
1.01476, 0.357, 1.27054, 0.5605, 1.30952, 0.768
1.05201, 0.357, 1.3026, 0.5585, 1.35004, 0.775
1.03092, 0.357, 1.29577, 0.5595, 1.38048, 0.7775
1.00813, 0.357, 1.24681, 0.5605, 1.36634, 0.777
1.03969, 0.357, 1.29807, 0.5585, 1.3888, 0.7775
1.02457, 0.357, 1.27496, 0.561, 1.3775, 0.7815
1.04762, 0.357, 1.2477, 0.558, 1.38453, 0.7905
1.02492, 0.357, 1.30573, 0.5625, 1.37816, 0.777
1.04851, 0.357, 1.28383, 0.558, 1.42143, 0.7785
1.03367, 0.357, 1.25578, 0.5595, 1.3488, 0.7775
1.00142, 0.357, 1.28943, 0.563, 1.38993, 0.7855
1.0229, 0.357, 1.27297, 0.562, 1.3716, 0.792
1.06008, 0.357, 1.27366, 0.5595, 1.34589, 0.7825
1.04997, 0.357, 1.25661, 0.5605, 1.41436, 0.7805
1.03095, 0.357, 1.30705, 0.5615, 1.3673, 0.778
1.02615, 0.357, 1.28837, 0.5605, 1.39956, 0.7775
1.04887, 0.357, 1.29638, 0.5625, 1.3553, 0.789
1.00789, 0.357, 1.32607, 0.564, 1.39771, 0.786
1.01416, 0.357, 1.28287, 0.564, 1.36225, 0.7855
1.05559, 0.357, 1.30686, 0.5605, 1.38952, 0.7805
1.0322, 0.357, 1.31411, 0.5635, 1.38228, 0.785
1.0157, 0.357, 1.25715, 0.567, 1.42135, 0.781
1.10498, 0.357, 1.28894, 0.5645, 1.40197, 0.796
1.03827, 0.357, 1.25674, 0.564, 1.37286, 0.776
1.03357, 0.357, 1.23376, 0.5615, 1.38378, 0.768
0.996081, 0.357, 1.31576, 0.564, 1.37419, 0.7845
1.02309, 0.357, 1.33229, 0.5675, 1.37652, 0.786
1.0312, 0.357, 1.31984, 0.566, 1.37147, 0.7905
1.05745, 0.357, 1.31248, 0.5655, 1.39678, 0.7915
1.04819, 0.357, 1.30987, 0.5675, 1.35966, 0.783
1.06121, 0.357, 1.29491, 0.5665, 1.4359, 0.789
1.00889, 0.357, 1.27726, 0.565, 1.39074, 0.7805
0.997318, 0.357, 1.26889, 0.5685, 1.39259, 0.7825
1.04082, 0.357, 1.27243, 0.569, 1.36941, 0.7795
1.04809, 0.357, 1.2905, 0.5695, 1.33367, 0.77
1.01925, 0.357, 1.28513, 0.5665, 1.34823, 0.7855
1.05717, 0.357, 1.28825, 0.569, 1.37293, 0.7745
1.05648, 0.357, 1.30313, 0.568, 1.31999, 0.7765
1.04552, 0.357, 1.34209, 0.568, 1.34978, 0.785
1.05407, 0.357, 1.28784, 0.57, 1.39663, 0.776
1.00215, 0.357, 1.31132, 0.5675, 1.39549, 0.7945
1.03869, 0.357, 1.27065, 0.5705, 1.3992, 0.7775
1.02336, 0.357, 1.2658, 0.571, 1.37041, 0.7875
1.04067, 0.357, 1.29538, 0.572, 1.34099, 0.7745
1.04132, 0.357, 1.32889, 0.5695, 1.36479, 0.7795
1.02789, 0.357, 1.29124, 0.5685, 1.38101, 0.789
1.03326, 0.357, 1.28937, 0.5695, 1.39616, 0.786
1.02162, 0.357, 1.30249, 0.571, 1.36679, 0.7805
1.02971, 0.357, 1.28812, 0.573, 1.35501, 0.785
1.04306, 0.357, 1.3237, 0.5745, 1.41883, 0.7875
1.03484, 0.357, 1.24781, 0.5745, 1.4202, 0.781
1.05571, 0.357, 1.30505, 0.575, 1.35913, 0.7845
1.05788, 0.357, 1.29668, 0.5715, 1.38007, 0.7955
1.04496, 0.357, 1.27248, 0.5705, 1.38707, 0.7885
0.995656, 0.357, 1.29395, 0.5725, 1.38972, 0.786
1.05195, 0.357, 1.30676, 0.5735, 1.4041, 0.7905
1.04292, 0.357, 1.31017, 0.5715, 1.32625, 0.7875
0.992413, 0.357, 1.28459, 0.5685, 1.38122, 0.785
1.01347, 0.357, 1.29242, 0.571, 1.43089, 0.79
1.00642, 0.357, 1.2558, 0.5725, 1.41246, 0.7945
1.0494, 0.357, 1.27955, 0.5705, 1.38419, 0.78
1.0071, 0.357, 1.29865, 0.574, 1.37638, 0.7835
1.06193, 0.357, 1.28802, 0.5725, 1.39667, 0.788
1.05496, 0.357, 1.30153, 0.5735, 1.40525, 0.789
1.00932, 0.357, 1.29656, 0.576, 1.33854, 0.7845
1.09201, 0.357, 1.31874, 0.574, 1.37633, 0.792
1.03155, 0.357, 1.30917, 0.5735, 1.41793, 0.793
1.03414, 0.357, 1.29669, 0.5735, 1.37293, 0.789
1.02519, 0.357, 1.31372, 0.575, 1.3404, 0.775
1.00521, 0.357, 1.32841, 0.577, 1.33811, 0.782
1.00166, 0.357, 1.29158, 0.5775, 1.38254, 0.7825
1.01681, 0.357, 1.32392, 0.5775, 1.40924, 0.789
0.980941, 0.357, 1.31021, 0.5805, 1.41688, 0.79
1.00821, 0.357, 1.33559, 0.5775, 1.38267, 0.7805
1.06256, 0.357, 1.25175, 0.5795, 1.37719, 0.7865
0.995158, 0.357, 1.30934, 0.578, 1.34261, 0.786
0.991742, 0.357, 1.28504, 0.5785, 1.37572, 0.7855
1.02276, 0.357, 1.33399, 0.579, 1.42965, 0.7935
1.03855, 0.357, 1.31911, 0.5765, 1.39636, 0.7855
0.995355, 0.357, 1.32786, 0.5775, 1.32451, 0.7865
1.05612, 0.357, 1.3094, 0.579, 1.33326, 0.788
1.05206, 0.357, 1.2791, 0.578, 1.40569, 0.794
1.07208, 0.357, 1.29564, 0.5775, 1.36954, 0.789
1.04458, 0.357, 1.362, 0.5795, 1.3778, 0.791
1.01882, 0.357, 1.26377, 0.5795, 1.42527, 0.793
1.04483, 0.357, 1.31276, 0.5795, 1.36094, 0.783
1.01763, 0.357, 1.3236, 0.5805, 1.4067, 0.8025
1.03485, 0.357, 1.33475, 0.5805, 1.41497, 0.7905
1.06836, 0.357, 1.28854, 0.5765, 1.34398, 0.786
1.05365, 0.357, 1.28588, 0.58, 1.38425, 0.788
1.08272, 0.357, 1.33142, 0.5825, 1.36075, 0.782
0.997251, 0.357, 1.29764, 0.583, 1.35539, 0.7815
1.00941, 0.357, 1.3434, 0.58, 1.35236, 0.7825
1.01304, 0.357, 1.28658, 0.577, 1.40214, 0.7935
1.00745, 0.357, 1.34617, 0.579, 1.39628, 0.79
1.04573, 0.357, 1.26714, 0.5805, 1.33831, 0.787
1.01414, 0.357, 1.32099, 0.5805, 1.37045, 0.788
1.06224, 0.357, 1.30303, 0.583, 1.36175, 0.7845
1.01256, 0.357, 1.30452, 0.5825, 1.40379, 0.783
1.03022, 0.357, 1.30513, 0.582, 1.37346, 0.7825
1.0037, 0.357, 1.26783, 0.5835, 1.34582, 0.779
1.04824, 0.357, 1.28041, 0.585, 1.37992, 0.791
1.02456, 0.357, 1.27387, 0.5805, 1.4073, 0.8015
1.02819, 0.357, 1.31321, 0.5885, 1.40826, 0.794
1.03852, 0.357, 1.30535, 0.589, 1.32024, 0.7975
1.02832, 0.357, 1.3285, 0.586, 1.35402, 0.7895
1.07028, 0.357, 1.33526, 0.5855, 1.37575, 0.787
1.02374, 0.357, 1.34443, 0.586, 1.39711, 0.7965
1.05322, 0.357, 1.31634, 0.589, 1.41867, 0.7945
1.02547, 0.357, 1.32733, 0.5875, 1.36689, 0.7895
0.992785, 0.357, 1.31733, 0.585, 1.41872, 0.797
1.08202, 0.357, 1.30389, 0.5885, 1.39693, 0.792
1.05578, 0.357, 1.31871, 0.5875, 1.36864, 0.799
1.06641, 0.357, 1.32188, 0.5865, 1.36243, 0.787
1.08155, 0.357, 1.30485, 0.589, 1.40339, 0.79
1.02837, 0.357, 1.29336, 0.586, 1.39606, 0.7945
1.05824, 0.357, 1.29767, 0.5885, 1.39398, 0.798
1.07478, 0.357, 1.30626, 0.59, 1.37918, 0.7935
1.029, 0.357, 1.29435, 0.591, 1.39333, 0.7915
0.987924, 0.357, 1.33037, 0.5895, 1.33878, 0.7795
1.05383, 0.357, 1.31058, 0.588, 1.37698, 0.795
1.04533, 0.357, 1.30764, 0.587, 1.37845, 0.7965
1.02072, 0.357, 1.3369, 0.591, 1.35264, 0.7835
1.0153, 0.357, 1.32138, 0.59, 1.39854, 0.8
1.06007, 0.357, 1.30747, 0.5885, 1.34256, 0.785
1.04331, 0.357, 1.29056, 0.5885, 1.36483, 0.7945
1.04584, 0.357, 1.31223, 0.5905, 1.42203, 0.7925
1.05025, 0.357, 1.33883, 0.589, 1.39067, 0.799
1.02863, 0.357, 1.33874, 0.5905, 1.34851, 0.793
1.02052, 0.357, 1.3065, 0.5935, 1.38745, 0.7925
1.04168, 0.357, 1.29915, 0.5915, 1.4073, 0.7905
1.01508, 0.357, 1.31348, 0.5895, 1.3514, 0.778
1.01239, 0.357, 1.28671, 0.592, 1.37297, 0.796
0.98049, 0.357, 1.24346, 0.594, 1.4254, 0.799
1.02641, 0.357, 1.3145, 0.5915, 1.35376, 0.788
1.04517, 0.357, 1.30502, 0.5915, 1.39029, 0.792
1.04932, 0.357, 1.28955, 0.5915, 1.34468, 0.787
1.03002, 0.357, 1.29318, 0.5905, 1.34904, 0.7825
1.03837, 0.357, 1.28212, 0.593, 1.44327, 0.7975
1.00827, 0.357, 1.30949, 0.591, 1.38056, 0.788
1.02209, 0.357, 1.31025, 0.589, 1.3612, 0.7865
1.04624, 0.357, 1.33927, 0.594, 1.33643, 0.785
1.07171, 0.357, 1.33969, 0.592, 1.32677, 0.777
1.06396, 0.357, 1.32574, 0.5885, 1.38401, 0.8005
1.04057, 0.357, 1.32416, 0.5875, 1.39567, 0.8
1.04281, 0.357, 1.29848, 0.593, 1.39129, 0.786
1.04383, 0.357, 1.3082, 0.593, 1.37912, 0.7935
1.00879, 0.357, 1.32799, 0.596, 1.36527, 0.7945
1.02211, 0.357, 1.31821, 0.5925, 1.38382, 0.801
1.05579, 0.357, 1.31311, 0.593, 1.40433, 0.81
1.03244, 0.357, 1.30139, 0.5935, 1.40001, 0.7965
1.00724, 0.357, 1.31394, 0.593, 1.37548, 0.801
1.04206, 0.357, 1.32944, 0.5905, 1.36257, 0.8055
1.04124, 0.357, 1.36656, 0.591, 1.35456, 0.798
1.04763, 0.357, 1.36449, 0.591, 1.42382, 0.805
1.03417, 0.357, 1.31651, 0.588, 1.39057, 0.799
1.02276, 0.357, 1.29904, 0.595, 1.37571, 0.7915
1.04079, 0.357, 1.34455, 0.5945, 1.40857, 0.8065
1.01698, 0.357, 1.30392, 0.596, 1.35742, 0.7895
1.01732, 0.357, 1.30396, 0.596, 1.37154, 0.792
1.02896, 0.357, 1.30582, 0.596, 1.35563, 0.793
1.02309, 0.357, 1.29373, 0.593, 1.35154, 0.786
1.00068, 0.357, 1.33617, 0.5945, 1.42091, 0.8065
1.05143, 0.357, 1.30279, 0.5955, 1.39486, 0.805
1.06281, 0.357, 1.30931, 0.595, 1.36349, 0.787
1.05797, 0.357, 1.30719, 0.5955, 1.37191, 0.7955
1.03858, 0.357, 1.3195, 0.5955, 1.34583, 0.7925
1.03714, 0.357, 1.32666, 0.595, 1.40683, 0.8035
1.01617, 0.357, 1.32452, 0.596, 1.39752, 0.7945
1.02428, 0.357, 1.31847, 0.596, 1.34935, 0.789
1.02855, 0.357, 1.30008, 0.5925, 1.33156, 0.788
1.05646, 0.357, 1.32425, 0.596, 1.36637, 0.7935
1.05847, 0.357, 1.34391, 0.597, 1.34402, 0.7875
1.05394, 0.357, 1.33635, 0.599, 1.3954, 0.7935
1.02743, 0.357, 1.37115, 0.5965, 1.35593, 0.7935
1.05856, 0.357, 1.30565, 0.5965, 1.40336, 0.803
1.07912, 0.357, 1.32774, 0.595, 1.4007, 0.7955
1.05408, 0.357, 1.32745, 0.5965, 1.37181, 0.787
1.02756, 0.357, 1.29141, 0.5965, 1.39291, 0.797
1.05823, 0.357, 1.34005, 0.6005, 1.42168, 0.798
1.03477, 0.357, 1.29196, 0.596, 1.35599, 0.789
1.04881, 0.357, 1.31027, 0.5985, 1.42421, 0.7975
1.00051, 0.357, 1.30639, 0.5945, 1.39874, 0.793
1.01696, 0.357, 1.31377, 0.599, 1.37672, 0.797
1.0506, 0.357, 1.30591, 0.596, 1.394, 0.7985
1.08447, 0.357, 1.32161, 0.5975, 1.35151, 0.8005
1.00186, 0.357, 1.33441, 0.5995, 1.38023, 0.7985
1.02622, 0.357, 1.33825, 0.5985, 1.38953, 0.799
1.0298, 0.357, 1.30541, 0.6005, 1.37954, 0.799
1.00108, 0.357, 1.35054, 0.601, 1.36015, 0.7945
1.01085, 0.357, 1.29625, 0.598, 1.37432, 0.7985
1.04808, 0.357, 1.33726, 0.601, 1.36819, 0.794
1.02294, 0.357, 1.30879, 0.599, 1.3277, 0.7785
1.06716, 0.357, 1.30644, 0.6015, 1.39566, 0.802
0.992936, 0.357, 1.29963, 0.5955, 1.40708, 0.808
1.06929, 0.357, 1.30683, 0.6005, 1.38463, 0.799
1.00417, 0.357, 1.31728, 0.6, 1.3897, 0.7965
0.97459, 0.357, 1.30315, 0.6, 1.37183, 0.7965
1.01199, 0.357, 1.34575, 0.602, 1.40409, 0.8045
1.0285, 0.357, 1.348, 0.601, 1.37097, 0.799
1.0254, 0.357, 1.36821, 0.6025, 1.43123, 0.7935
1.02688, 0.357, 1.34231, 0.6015, 1.38137, 0.8
1.03883, 0.357, 1.33979, 0.5975, 1.4056, 0.799
1.0473, 0.357, 1.35381, 0.603, 1.40001, 0.793
1.02941, 0.357, 1.34634, 0.603, 1.39458, 0.796
1.06295, 0.357, 1.31332, 0.6035, 1.40897, 0.794
0.980073, 0.357, 1.37866, 0.5985, 1.37636, 0.7975
1.04742, 0.357, 1.3638, 0.603, 1.38197, 0.798
1.07573, 0.357, 1.30868, 0.6, 1.32389, 0.7845
1.07016, 0.357, 1.35217, 0.5985, 1.38455, 0.797
1.02869, 0.357, 1.33133, 0.5995, 1.41741, 0.8
1.03204, 0.357, 1.33468, 0.6035, 1.38838, 0.7905
1.06636, 0.357, 1.30968, 0.6005, 1.37468, 0.797
1.03918, 0.357, 1.31582, 0.602, 1.35506, 0.7965
1.03423, 0.357, 1.31374, 0.6015, 1.41308, 0.8035
1.02753, 0.357, 1.32494, 0.6005, 1.44187, 0.802
1.02684, 0.357, 1.32247, 0.602, 1.37917, 0.789
1.04359, 0.357, 1.30485, 0.6045, 1.35882, 0.7875
1.05912, 0.357, 1.34773, 0.602, 1.39946, 0.801
1.03638, 0.357, 1.36501, 0.602, 1.37658, 0.801
1.0628, 0.357, 1.33754, 0.606, 1.41115, 0.796
1.00761, 0.357, 1.32751, 0.603, 1.37763, 0.788
1.00716, 0.357, 1.34984, 0.601, 1.4028, 0.7965
0.989229, 0.357, 1.30441, 0.6025, 1.36055, 0.7885
1.05428, 0.357, 1.31763, 0.602, 1.35608, 0.801
1.0055, 0.357, 1.30566, 0.605, 1.3429, 0.798
1.04462, 0.357, 1.31838, 0.606, 1.39537, 0.803
1.07099, 0.357, 1.32616, 0.605, 1.4196, 0.7915
1.01678, 0.357, 1.33616, 0.6055, 1.38361, 0.796
1.01322, 0.357, 1.34229, 0.6035, 1.33593, 0.792
1.03575, 0.357, 1.37131, 0.6045, 1.4141, 0.795
1.02819, 0.357, 1.30751, 0.606, 1.40529, 0.8
1.07533, 0.357, 1.31058, 0.6025, 1.38384, 0.7965
1.0701, 0.357, 1.34603, 0.606, 1.36952, 0.8005
0.993016, 0.357, 1.34557, 0.606, 1.3932, 0.796
1.02798, 0.357, 1.29156, 0.6065, 1.40991, 0.804
1.07165, 0.357, 1.36002, 0.6035, 1.36817, 0.795
1.0499, 0.357, 1.31149, 0.608, 1.36299, 0.79
1.02668, 0.357, 1.32691, 0.6075, 1.36063, 0.793
1.0321, 0.357, 1.35122, 0.6095, 1.3713, 0.7985
1.03215, 0.357, 1.34685, 0.609, 1.37544, 0.801
1.01543, 0.357, 1.36962, 0.6085, 1.36758, 0.8015
0.997192, 0.357, 1.33497, 0.605, 1.41936, 0.8045
1.02743, 0.357, 1.31996, 0.604, 1.37272, 0.7945
1.05384, 0.357, 1.30642, 0.6055, 1.40526, 0.8045
1.0112, 0.357, 1.32055, 0.6075, 1.4289, 0.7905
1.01239, 0.357, 1.32679, 0.607, 1.3653, 0.808
1.0383, 0.357, 1.29487, 0.6075, 1.38609, 0.7905
1.06446, 0.357, 1.35724, 0.6105, 1.36204, 0.7935
1.03416, 0.357, 1.33478, 0.6075, 1.34425, 0.7905
1.06347, 0.357, 1.35406, 0.6085, 1.40622, 0.8005
1.051, 0.357, 1.29889, 0.612, 1.41034, 0.8015
1.03549, 0.357, 1.32866, 0.6095, 1.3703, 0.7935
1.03984, 0.357, 1.34654, 0.6085, 1.42159, 0.8095
1.02924, 0.357, 1.35392, 0.6115, 1.38275, 0.8015
1.02548, 0.357, 1.30848, 0.609, 1.40711, 0.7985
1.04488, 0.357, 1.31961, 0.6075, 1.43332, 0.8085
1.05173, 0.357, 1.32764, 0.61, 1.365, 0.788
1.01616, 0.357, 1.33081, 0.615, 1.37817, 0.8025
1.04494, 0.357, 1.32673, 0.6095, 1.37436, 0.8045
1.02036, 0.357, 1.30103, 0.61, 1.37857, 0.801
1.02217, 0.357, 1.3133, 0.6085, 1.34542, 0.8045
1.01356, 0.357, 1.34617, 0.61, 1.3606, 0.805
1.0404, 0.357, 1.31204, 0.6095, 1.38314, 0.7975
1.0608, 0.357, 1.34484, 0.612, 1.39941, 0.7995
1.02373, 0.357, 1.32635, 0.61, 1.4153, 0.8065
0.985067, 0.357, 1.32869, 0.6125, 1.39075, 0.8015
1.01519, 0.357, 1.31232, 0.6105, 1.34223, 0.7975
1.05218, 0.357, 1.36085, 0.6075, 1.3841, 0.7905
1.01405, 0.357, 1.333, 0.61, 1.3974, 0.8065
1.04203, 0.357, 1.30168, 0.6065, 1.37211, 0.805
1.05322, 0.357, 1.30285, 0.609, 1.3993, 0.802
1.02592, 0.357, 1.34204, 0.615, 1.37987, 0.788
1.06001, 0.357, 1.37083, 0.6145, 1.32077, 0.791
0.99271, 0.357, 1.37829, 0.616, 1.38924, 0.804
1.0703, 0.357, 1.34081, 0.6095, 1.38479, 0.8025
1.0366, 0.357, 1.32995, 0.615, 1.35465, 0.799
1.04287, 0.357, 1.33242, 0.6145, 1.40911, 0.808
0.987678, 0.357, 1.37367, 0.616, 1.39601, 0.796
1.06836, 0.357, 1.30028, 0.614, 1.40022, 0.8095
1.00704, 0.357, 1.31889, 0.6115, 1.39679, 0.804
1.03526, 0.357, 1.3359, 0.6155, 1.38735, 0.798
1.05661, 0.357, 1.34711, 0.6145, 1.40339, 0.807
1.03848, 0.357, 1.31279, 0.615, 1.34996, 0.7945
