0.0231404, -0.0232146, 0.0489265, 0.1085, 0.098, 0.103
0.352923, 0.267196, 0.24546, 0.1675, 0.145, 0.142
0.51376, 0.464782, 0.426371, 0.2005, 0.1795, 0.1735
0.576067, 0.545564, 0.558003, 0.2165, 0.2045, 0.1935
0.664571, 0.6212, 0.565473, 0.238, 0.2255, 0.207
0.668201, 0.711473, 0.634973, 0.248, 0.2365, 0.2305
0.75258, 0.752074, 0.693839, 0.2575, 0.253, 0.2395
0.809932, 0.758226, 0.77081, 0.271, 0.2635, 0.2545
0.818955, 0.815704, 0.72322, 0.277, 0.271, 0.263
0.857482, 0.843212, 0.801519, 0.288, 0.2845, 0.2715
0.909405, 0.848709, 0.784616, 0.293, 0.295, 0.2875
0.881706, 0.889953, 0.820631, 0.298, 0.2985, 0.285
0.956631, 0.92575, 0.875505, 0.2995, 0.3075, 0.2945
0.933405, 0.908007, 0.807793, 0.3045, 0.312, 0.3035
0.949394, 0.923683, 0.907452, 0.309, 0.317, 0.3085
0.95376, 0.900758, 0.883118, 0.313, 0.3135, 0.317
0.97, 0.943829, 0.895596, 0.3165, 0.322, 0.326
0.990486, 0.948234, 0.936487, 0.319, 0.326, 0.33
0.96289, 0.96523, 0.909894, 0.3195, 0.3275, 0.332
0.965718, 0.946718, 0.879483, 0.322, 0.332, 0.335
0.994181, 0.995286, 0.914575, 0.324, 0.333, 0.343
0.955368, 0.959214, 0.935442, 0.3265, 0.3345, 0.3455
0.956225, 0.969398, 0.9664, 0.327, 0.336, 0.3505
1.00486, 0.979685, 0.936483, 0.327, 0.339, 0.347
0.98717, 0.952897, 0.951806, 0.3275, 0.3395, 0.3565
1.01822, 0.956748, 0.961603, 0.33, 0.3385, 0.357
0.990018, 0.951134, 0.964492, 0.3315, 0.3395, 0.367
0.949029, 0.974146, 0.983589, 0.3305, 0.3425, 0.37
1.04483, 0.983534, 0.956948, 0.33, 0.341, 0.371
0.993494, 1.01273, 0.977961, 0.33, 0.346, 0.3735
0.988161, 0.996368, 0.995686, 0.33, 0.3485, 0.3775
1.00991, 1.00051, 0.989439, 0.3305, 0.3495, 0.3835
0.966024, 0.991279, 0.994766, 0.3305, 0.352, 0.3885
1.04564, 0.965534, 1.05015, 0.3305, 0.351, 0.4
0.983588, 0.976926, 0.999933, 0.3305, 0.3485, 0.3975
1.00557, 0.99051, 1.01884, 0.3315, 0.3505, 0.405
0.993768, 1.05467, 1.02452, 0.332, 0.3525, 0.3975
1.01773, 0.999921, 1.01276, 0.332, 0.3545, 0.403
1.01452, 0.995108, 1.02545, 0.332, 0.356, 0.399
1.0051, 0.981559, 1.04087, 0.332, 0.358, 0.4075
0.993124, 0.992567, 0.984146, 0.3335, 0.3585, 0.405
0.998628, 1.00339, 1.01876, 0.334, 0.358, 0.407
1.01629, 1.01877, 1.08591, 0.335, 0.36, 0.4165
1.04181, 1.03271, 1.06396, 0.336, 0.3605, 0.417
1.03991, 1.02409, 1.05144, 0.335, 0.3625, 0.428
0.989333, 1.00571, 1.03845, 0.335, 0.361, 0.4255
1.00505, 1.01157, 1.07406, 0.3355, 0.3645, 0.434
1.01356, 1.02367, 1.0729, 0.335, 0.367, 0.4355
1.0062, 0.975141, 1.02104, 0.3355, 0.3685, 0.435
0.990772, 1.02323, 1.0751, 0.336, 0.3655, 0.445
1.0193, 1.02594, 1.10215, 0.3365, 0.3675, 0.444
1.01778, 1.00697, 1.11897, 0.3355, 0.368, 0.44
1.04186, 1.00187, 1.09691, 0.336, 0.3675, 0.4365
0.952304, 1.00565, 1.12199, 0.3365, 0.373, 0.4525
1.04876, 1.05664, 1.09639, 0.3375, 0.373, 0.4525
1.01141, 1.03836, 1.09664, 0.338, 0.374, 0.454
1.03094, 1.0436, 1.16333, 0.338, 0.3755, 0.458
1.03482, 1.06182, 1.05901, 0.339, 0.3785, 0.4585
0.991075, 1.00403, 1.14637, 0.339, 0.3755, 0.4595
0.99773, 1.04553, 1.05893, 0.339, 0.375, 0.4585
1.00638, 1.00752, 1.10523, 0.339, 0.3755, 0.459
1.00628, 1.03593, 1.04177, 0.3395, 0.379, 0.458
0.998192, 1.01662, 1.07779, 0.3395, 0.378, 0.4685
1.05031, 1.06452, 1.08313, 0.34, 0.3775, 0.47
1.03432, 1.01995, 1.06296, 0.34, 0.3745, 0.4665
1.02339, 1.02579, 1.06528, 0.34, 0.3775, 0.472
0.980732, 1.01805, 1.09005, 0.34, 0.379, 0.4725
1.01658, 1.09517, 1.15811, 0.34, 0.3775, 0.4825
0.967875, 1.02214, 1.11261, 0.3405, 0.3775, 0.49
1.03561, 1.07948, 1.06882, 0.3405, 0.383, 0.4855
1.0088, 1.05407, 1.13459, 0.3405, 0.3785, 0.484
1.03898, 1.03289, 1.07972, 0.3405, 0.38, 0.4905
1.0447, 1.05764, 1.08123, 0.3405, 0.3835, 0.482
1.03323, 1.03041, 1.12195, 0.3415, 0.382, 0.4875
1.0568, 1.0739, 1.08863, 0.341, 0.381, 0.49
1.00221, 1.00755, 1.10821, 0.341, 0.383, 0.4975
1.02679, 1.04829, 1.11369, 0.341, 0.3825, 0.483
1.01132, 1.02913, 1.15957, 0.342, 0.385, 0.4985
1.04253, 1.0492, 1.14089, 0.343, 0.3855, 0.5015
1.03367, 1.01694, 1.15565, 0.343, 0.3865, 0.5085
1.03264, 1.03027, 1.10328, 0.3435, 0.384, 0.5085
1.00277, 1.07778, 1.12595, 0.344, 0.385, 0.5015
1.01119, 1.06347, 1.17226, 0.344, 0.385, 0.503
1.0435, 1.0675, 1.17988, 0.344, 0.3885, 0.5045
1.02242, 1.07974, 1.13834, 0.345, 0.3845, 0.5005
1.02761, 1.078, 1.10631, 0.3445, 0.387, 0.5115
1.03528, 1.07106, 1.17178, 0.345, 0.3885, 0.514
1.02843, 1.0398, 1.16974, 0.345, 0.3875, 0.5225
1.01449, 1.01971, 1.15448, 0.345, 0.387, 0.521
1.01283, 1.03113, 1.15765, 0.345, 0.3855, 0.514
1.01915, 1.05302, 1.14786, 0.345, 0.3865, 0.5195
0.993073, 1.04586, 1.16948, 0.345, 0.387, 0.513
1.0082, 1.0531, 1.12378, 0.345, 0.389, 0.524
1.04523, 1.04531, 1.1795, 0.345, 0.39, 0.5245
1.04982, 1.0488, 1.18609, 0.345, 0.3905, 0.525
1.0275, 1.04461, 1.14289, 0.345, 0.389, 0.5245
1.01292, 1.07276, 1.18386, 0.345, 0.3905, 0.538
1.06466, 1.06505, 1.15951, 0.3455, 0.3905, 0.531
1.01503, 1.03671, 1.18117, 0.346, 0.3915, 0.5375
1.00332, 1.07853, 1.16897, 0.346, 0.393, 0.533
1.04705, 1.05597, 1.12552, 0.346, 0.392, 0.5295
1.0564, 1.06149, 1.18489, 0.3465, 0.393, 0.5405
1.05906, 1.06058, 1.16806, 0.3465, 0.395, 0.5455
1.03942, 1.03097, 1.17096, 0.3465, 0.393, 0.5415
1.00916, 1.10393, 1.16628, 0.3465, 0.3925, 0.5295
1.03088, 1.10324, 1.18905, 0.3465, 0.3955, 0.5375
1.04254, 1.06199, 1.21646, 0.3465, 0.3955, 0.5445
1.01227, 1.06347, 1.21397, 0.3465, 0.397, 0.5405
1.03983, 1.06005, 1.17875, 0.3465, 0.3945, 0.5515
1.07823, 1.07443, 1.17439, 0.3465, 0.398, 0.55
1.03033, 1.01459, 1.22894, 0.3465, 0.397, 0.557
1.0222, 1.06518, 1.17904, 0.3465, 0.3985, 0.5525
1.08748, 1.05568, 1.18771, 0.3465, 0.3975, 0.553
1.00818, 1.06068, 1.19582, 0.3465, 0.3955, 0.56
1.01262, 1.04536, 1.20765, 0.3465, 0.398, 0.5605
1.03532, 1.08563, 1.17467, 0.3465, 0.3995, 0.552
1.03959, 1.08427, 1.18035, 0.3465, 0.399, 0.5625
1.04579, 1.05357, 1.18261, 0.3465, 0.3995, 0.5485
1.05491, 1.0423, 1.22722, 0.3465, 0.3955, 0.5665
1.03754, 1.07301, 1.19958, 0.3465, 0.403, 0.5655
1.06282, 1.06951, 1.18112, 0.3465, 0.401, 0.567
1.03839, 1.09418, 1.17591, 0.3465, 0.4015, 0.563
1.01387, 1.03404, 1.22531, 0.3465, 0.4025, 0.575
1.00964, 1.06433, 1.2486, 0.3465, 0.4035, 0.568
1.08737, 1.05314, 1.19903, 0.3465, 0.3985, 0.568
1.00285, 1.09186, 1.22599, 0.3465, 0.403, 0.5625
1.05642, 1.04051, 1.23655, 0.3465, 0.402, 0.568
1.04606, 1.0763, 1.21251, 0.3465, 0.399, 0.57
0.994969, 1.04115, 1.26745, 0.3465, 0.4045, 0.5725
1.06676, 1.06298, 1.26234, 0.3465, 0.402, 0.585
1.0348, 1.04853, 1.26276, 0.3465, 0.402, 0.5895
1.01384, 1.02067, 1.2347, 0.3465, 0.402, 0.5765
1.0418, 1.08256, 1.23146, 0.3465, 0.4045, 0.576
1.04599, 1.05713, 1.25394, 0.3465, 0.4055, 0.592
1.04123, 1.09754, 1.18452, 0.3465, 0.409, 0.5825
1.03768, 1.05217, 1.20777, 0.3465, 0.4045, 0.578
1.03576, 1.07148, 1.20923, 0.3465, 0.409, 0.589
1.07383, 1.04467, 1.16503, 0.3465, 0.4105, 0.58
1.02876, 1.10276, 1.23445, 0.3465, 0.4085, 0.592
1.04313, 1.03955, 1.16636, 0.3465, 0.409, 0.577
1.02468, 1.06055, 1.18352, 0.3465, 0.408, 0.5795
0.988583, 1.12837, 1.23736, 0.3465, 0.406, 0.587
1.01466, 1.03333, 1.24136, 0.3465, 0.4115, 0.597
1.03901, 1.08571, 1.21539, 0.3465, 0.411, 0.5945
1.03554, 1.06438, 1.22665, 0.3465, 0.4105, 0.6015
1.05133, 1.0235, 1.23212, 0.3465, 0.411, 0.5925
0.994759, 1.10277, 1.2504, 0.3465, 0.4095, 0.599
1.02125, 1.09522, 1.20573, 0.3465, 0.413, 0.5995
1.04155, 1.06263, 1.1962, 0.3465, 0.416, 0.5995
1.03315, 1.07213, 1.24489, 0.3465, 0.4135, 0.595
1.04343, 1.11945, 1.25149, 0.347, 0.414, 0.597
1.06644, 1.08963, 1.25716, 0.347, 0.411, 0.594
1.00164, 1.07088, 1.28729, 0.347, 0.413, 0.608
1.02271, 1.10202, 1.26886, 0.347, 0.4135, 0.604
1.04402, 1.11992, 1.23917, 0.347, 0.4155, 0.6005
1.0022, 1.09836, 1.25594, 0.347, 0.412, 0.598
1.0572, 1.09447, 1.22799, 0.347, 0.4115, 0.596
1.04122, 1.10514, 1.23677, 0.347, 0.4125, 0.606
1.01102, 1.09511, 1.26865, 0.347, 0.4155, 0.6045
1.05745, 1.14719, 1.29694, 0.347, 0.4135, 0.6105
1.03914, 1.11187, 1.23662, 0.347, 0.416, 0.605
1.01128, 1.10214, 1.23158, 0.347, 0.418, 0.603
1.04216, 1.07096, 1.25855, 0.347, 0.417, 0.6115
1.07259, 1.10837, 1.29472, 0.347, 0.419, 0.615
1.00165, 1.11766, 1.25149, 0.347, 0.4185, 0.6155
1.01423, 1.14078, 1.21112, 0.347, 0.4165, 0.6095
1.00584, 1.1376, 1.2292, 0.347, 0.415, 0.616
1.05299, 1.06683, 1.27685, 0.347, 0.4175, 0.611
1.05379, 1.09963, 1.27293, 0.347, 0.4165, 0.6205
1.06186, 1.08395, 1.2606, 0.347, 0.417, 0.611
1.0352, 1.09884, 1.25958, 0.347, 0.4185, 0.623
1.01392, 1.11983, 1.25668, 0.347, 0.42, 0.6165
0.998875, 1.08482, 1.24133, 0.347, 0.418, 0.6195
1.00252, 1.08517, 1.30656, 0.347, 0.4195, 0.621
1.05763, 1.09969, 1.26092, 0.347, 0.416, 0.6205
0.987682, 1.12492, 1.25457, 0.347, 0.421, 0.622
1.02491, 1.05193, 1.2731, 0.347, 0.419, 0.623
1.05183, 1.11471, 1.29258, 0.347, 0.4235, 0.6375
1.03947, 1.09741, 1.23221, 0.3475, 0.421, 0.6265
1.06015, 1.1035, 1.2708, 0.347, 0.4205, 0.6315
1.03952, 1.11828, 1.26953, 0.347, 0.4205, 0.6375
1.03985, 1.06775, 1.30049, 0.347, 0.421, 0.6405
1.02136, 1.1286, 1.21843, 0.347, 0.425, 0.63
1.03057, 1.10993, 1.28329, 0.347, 0.4255, 0.6365
1.06109, 1.08461, 1.22889, 0.347, 0.426, 0.6335
1.02153, 1.10038, 1.30428, 0.347, 0.424, 0.64
1.04211, 1.07046, 1.28014, 0.347, 0.4265, 0.636
1.0286, 1.1079, 1.26726, 0.347, 0.426, 0.634
1.02182, 1.11793, 1.28541, 0.347, 0.4235, 0.631
0.989219, 1.11878, 1.27033, 0.347, 0.425, 0.6435
0.999314, 1.16161, 1.26662, 0.347, 0.428, 0.6385
1.028, 1.12477, 1.27745, 0.3475, 0.4285, 0.641
1.08132, 1.10514, 1.27417, 0.3475, 0.424, 0.6355
1.01334, 1.07913, 1.25383, 0.348, 0.4255, 0.644
1.02777, 1.10483, 1.29091, 0.3475, 0.4245, 0.6415
1.06085, 1.13463, 1.27809, 0.3475, 0.427, 0.6485
1.03293, 1.11932, 1.24792, 0.3475, 0.427, 0.6455
1.02547, 1.12136, 1.23566, 0.3475, 0.427, 0.643
1.06639, 1.1248, 1.23745, 0.3475, 0.4265, 0.6355
1.01103, 1.11102, 1.33137, 0.3475, 0.424, 0.6525
1.04681, 1.09787, 1.28089, 0.3475, 0.425, 0.645
1.05498, 1.09956, 1.28507, 0.3475, 0.429, 0.65
1.05979, 1.12952, 1.27101, 0.3475, 0.4295, 0.648
1.03071, 1.07912, 1.31467, 0.3475, 0.429, 0.6555
1.00931, 1.1205, 1.27328, 0.3475, 0.431, 0.654
1.04145, 1.11653, 1.25258, 0.3475, 0.431, 0.635
1.02137, 1.17147, 1.30349, 0.3475, 0.431, 0.6575
1.04189, 1.15957, 1.3184, 0.3475, 0.431, 0.6585
1.05634, 1.10472, 1.26165, 0.3475, 0.4325, 0.643
1.09908, 1.13874, 1.29453, 0.348, 0.429, 0.656
1.02892, 1.11885, 1.28578, 0.348, 0.4305, 0.661
1.02545, 1.12554, 1.29123, 0.348, 0.4345, 0.6695
1.02849, 1.13625, 1.28801, 0.348, 0.4315, 0.6575
1.06324, 1.09683, 1.29147, 0.348, 0.43, 0.656
1.02049, 1.0786, 1.26045, 0.348, 0.432, 0.6565
1.03871, 1.14606, 1.27496, 0.348, 0.436, 0.6545
1.05791, 1.10283, 1.2503, 0.348, 0.433, 0.659
1.07323, 1.15002, 1.28171, 0.348, 0.4325, 0.6565
1.06496, 1.12128, 1.29116, 0.348, 0.4345, 0.66
1.03931, 1.13998, 1.27636, 0.348, 0.435, 0.6655
1.02847, 1.13083, 1.27403, 0.348, 0.436, 0.6565
1.00601, 1.10171, 1.30624, 0.348, 0.436, 0.6675
1.01551, 1.06074, 1.28001, 0.348, 0.4365, 0.6565
0.993851, 1.14678, 1.26954, 0.348, 0.4345, 0.6585
1.05356, 1.12899, 1.24638, 0.348, 0.432, 0.654
1.06549, 1.09941, 1.23258, 0.348, 0.4375, 0.6665
1.06739, 1.10864, 1.25694, 0.348, 0.4385, 0.6645
1.05301, 1.14702, 1.27817, 0.348, 0.439, 0.6675
0.997937, 1.10226, 1.31576, 0.348, 0.4345, 0.6655
1.09312, 1.13497, 1.30463, 0.348, 0.4365, 0.673
1.03086, 1.1401, 1.31306, 0.348, 0.4375, 0.665
1.00757, 1.10071, 1.28135, 0.348, 0.436, 0.6705
1.0494, 1.10828, 1.30904, 0.348, 0.4405, 0.6655
1.05562, 1.14826, 1.30876, 0.348, 0.443, 0.6655
0.996358, 1.13521, 1.26183, 0.3485, 0.4415, 0.664
1.08541, 1.13338, 1.30223, 0.3485, 0.44, 0.6605
1.03461, 1.1554, 1.33041, 0.3485, 0.438, 0.664
1.04738, 1.12074, 1.29569, 0.3485, 0.4425, 0.6755
1.04021, 1.14493, 1.33412, 0.3485, 0.442, 0.673
1.05313, 1.13374, 1.29424, 0.3485, 0.442, 0.669
1.00731, 1.14374, 1.30101, 0.3485, 0.442, 0.668
1.02212, 1.0975, 1.303, 0.3485, 0.442, 0.663
1.05062, 1.12959, 1.32215, 0.3485, 0.441, 0.674
1.01887, 1.13836, 1.3025, 0.3485, 0.4415, 0.675
1.04149, 1.14394, 1.31935, 0.3485, 0.4415, 0.6735
1.05518, 1.13922, 1.29074, 0.3485, 0.444, 0.676
1.06357, 1.11508, 1.32897, 0.3485, 0.445, 0.673
1.00811, 1.12335, 1.34595, 0.3485, 0.4425, 0.6725
1.03465, 1.15107, 1.26969, 0.3485, 0.445, 0.6775
0.991673, 1.12756, 1.28368, 0.3485, 0.446, 0.6725
1.04371, 1.16827, 1.2651, 0.3485, 0.4445, 0.6555
0.992104, 1.11601, 1.28017, 0.3485, 0.446, 0.679
1.03428, 1.1291, 1.23035, 0.3485, 0.4445, 0.671
1.08688, 1.06594, 1.28807, 0.3485, 0.4455, 0.673
0.983593, 1.1056, 1.30752, 0.3485, 0.4475, 0.6665
1.03988, 1.13669, 1.31099, 0.3485, 0.4505, 0.6765
1.04383, 1.1181, 1.31792, 0.3485, 0.4475, 0.6795
1.00449, 1.10556, 1.31612, 0.3485, 0.449, 0.68
1.02007, 1.16452, 1.3039, 0.3485, 0.446, 0.685
1.03813, 1.11799, 1.32178, 0.3485, 0.4465, 0.691
1.02619, 1.15092, 1.31552, 0.3485, 0.448, 0.695
1.06046, 1.12173, 1.35001, 0.3485, 0.449, 0.69
1.06115, 1.14271, 1.30931, 0.3485, 0.4505, 0.6845
1.05748, 1.15456, 1.30189, 0.3485, 0.4515, 0.6905
1.04523, 1.10852, 1.30419, 0.3485, 0.4495, 0.682
1.03116, 1.15563, 1.31119, 0.3485, 0.4535, 0.694
0.997495, 1.13271, 1.33697, 0.3485, 0.4525, 0.6965
1.00829, 1.13211, 1.32134, 0.3485, 0.453, 0.7085
1.01653, 1.13243, 1.33977, 0.3485, 0.4525, 0.6885
1.01127, 1.16778, 1.2995, 0.3485, 0.451, 0.689
1.04273, 1.11146, 1.24285, 0.3485, 0.4495, 0.6825
1.02457, 1.12563, 1.3441, 0.3485, 0.45, 0.6945
1.06849, 1.10359, 1.33214, 0.3485, 0.4515, 0.703
1.00057, 1.14636, 1.31011, 0.3485, 0.454, 0.683
1.00857, 1.15092, 1.3145, 0.3485, 0.4535, 0.694
1.05385, 1.15007, 1.32452, 0.3485, 0.4515, 0.695
1.09202, 1.11864, 1.3658, 0.3485, 0.454, 0.698
1.04745, 1.10528, 1.29572, 0.3485, 0.456, 0.695
1.01598, 1.1432, 1.29592, 0.3485, 0.455, 0.695
1.03263, 1.11122, 1.33703, 0.3485, 0.4555, 0.695
1.00714, 1.14071, 1.3252, 0.3485, 0.4545, 0.695
1.05328, 1.15598, 1.31914, 0.3485, 0.456, 0.7005
1.00359, 1.12099, 1.29662, 0.3485, 0.456, 0.692
1.03066, 1.13121, 1.3211, 0.3485, 0.4595, 0.6905
1.0527, 1.10487, 1.30905, 0.3485, 0.459, 0.6935
1.03777, 1.15489, 1.32962, 0.3485, 0.457, 0.7025
1.01901, 1.11646, 1.28103, 0.3485, 0.457, 0.704
1.04791, 1.13395, 1.25937, 0.3485, 0.4585, 0.698
1.04152, 1.17666, 1.30542, 0.3485, 0.46, 0.7065
1.05093, 1.15227, 1.32596, 0.3485, 0.46, 0.7005
0.99938, 1.10681, 1.32411, 0.3485, 0.4575, 0.71
1.05485, 1.17543, 1.33225, 0.3485, 0.458, 0.698
1.06926, 1.13945, 1.31607, 0.3485, 0.46, 0.7025
1.06692, 1.15346, 1.26902, 0.3485, 0.4585, 0.694
1.07, 1.16482, 1.26995, 0.3485, 0.459, 0.7035
1.05369, 1.17748, 1.34619, 0.3485, 0.461, 0.7105
0.999415, 1.1188, 1.37362, 0.3485, 0.459, 0.7125
1.08895, 1.12992, 1.33215, 0.3485, 0.456, 0.709
1.06197, 1.12665, 1.33398, 0.3485, 0.4625, 0.7055
1.03938, 1.16458, 1.34797, 0.3485, 0.459, 0.7055
1.06572, 1.1388, 1.31104, 0.3485, 0.459, 0.6935
1.0396, 1.17186, 1.33802, 0.3485, 0.462, 0.7065
1.04923, 1.10692, 1.34851, 0.3485, 0.463, 0.705
1.05486, 1.13712, 1.32097, 0.3485, 0.463, 0.7135
1.02343, 1.11705, 1.30924, 0.3485, 0.4625, 0.6965
1.05042, 1.13192, 1.25661, 0.3485, 0.466, 0.699
1.02091, 1.13389, 1.34248, 0.3485, 0.465, 0.7135
1.06777, 1.18356, 1.36288, 0.3485, 0.467, 0.7065
1.05692, 1.15234, 1.33357, 0.3485, 0.4665, 0.7075
1.01446, 1.1715, 1.31091, 0.3485, 0.4655, 0.7035
1.03595, 1.13432, 1.3321, 0.3485, 0.467, 0.697
1.08959, 1.16438, 1.33924, 0.3485, 0.466, 0.7045
1.03906, 1.13475, 1.34346, 0.3485, 0.468, 0.7175
1.0839, 1.1528, 1.31724, 0.3485, 0.467, 0.708
1.10703, 1.1518, 1.32957, 0.3485, 0.468, 0.715
1.02742, 1.18326, 1.28979, 0.3485, 0.4655, 0.7055
0.971061, 1.1755, 1.34242, 0.3485, 0.468, 0.719
1.05211, 1.11769, 1.33136, 0.349, 0.47, 0.7005
1.00077, 1.18022, 1.3393, 0.349, 0.4705, 0.7205
1.0524, 1.18451, 1.34997, 0.349, 0.469, 0.708
1.06402, 1.14865, 1.33234, 0.349, 0.472, 0.71
1.02546, 1.18812, 1.32291, 0.349, 0.472, 0.703
1.02952, 1.18658, 1.31569, 0.349, 0.474, 0.7145
1.05258, 1.16104, 1.28745, 0.349, 0.4755, 0.709
1.04669, 1.16658, 1.34624, 0.349, 0.47, 0.717
1.08919, 1.15179, 1.29775, 0.349, 0.4695, 0.7135
1.07017, 1.18387, 1.39364, 0.349, 0.472, 0.721
1.04023, 1.19253, 1.31942, 0.349, 0.4725, 0.718
1.02069, 1.13042, 1.27958, 0.349, 0.4735, 0.709
1.05906, 1.16568, 1.29969, 0.349, 0.47, 0.7075
1.05608, 1.17766, 1.29018, 0.349, 0.4735, 0.7115
1.02545, 1.19932, 1.32351, 0.349, 0.4725, 0.7255
1.04069, 1.16614, 1.34405, 0.349, 0.4715, 0.7125
1.05138, 1.16189, 1.30451, 0.349, 0.475, 0.7185
1.04839, 1.17369, 1.29615, 0.349, 0.476, 0.7135
1.05797, 1.14753, 1.31723, 0.349, 0.4785, 0.715
1.0681, 1.16696, 1.31087, 0.349, 0.4755, 0.7165
1.02449, 1.15713, 1.38629, 0.349, 0.476, 0.7265
0.98598, 1.15835, 1.31803, 0.349, 0.4765, 0.7175
1.03868, 1.16319, 1.32947, 0.349, 0.476, 0.72
1.03141, 1.17638, 1.33837, 0.349, 0.478, 0.7125
1.06613, 1.15937, 1.32705, 0.349, 0.4765, 0.7165
1.03646, 1.16244, 1.33213, 0.349, 0.4775, 0.7255
1.05947, 1.16294, 1.32804, 0.349, 0.4775, 0.7205
1.03623, 1.15511, 1.32572, 0.349, 0.478, 0.72
1.0377, 1.18309, 1.32871, 0.349, 0.4795, 0.707
1.02425, 1.14063, 1.37102, 0.349, 0.4765, 0.725
1.00576, 1.15167, 1.30541, 0.349, 0.4755, 0.718
1.05202, 1.12119, 1.35637, 0.349, 0.4805, 0.716
1.03341, 1.15041, 1.36247, 0.349, 0.479, 0.7375
1.03841, 1.18005, 1.35619, 0.349, 0.483, 0.73
1.07392, 1.19959, 1.35524, 0.349, 0.482, 0.7195
1.02897, 1.14131, 1.32117, 0.349, 0.483, 0.723
1.03111, 1.124, 1.34284, 0.349, 0.4815, 0.721
1.0015, 1.17818, 1.33694, 0.349, 0.4815, 0.737
1.03862, 1.16331, 1.33783, 0.349, 0.481, 0.714
1.03456, 1.19436, 1.33544, 0.349, 0.483, 0.7165
1.06516, 1.16802, 1.42588, 0.349, 0.48, 0.735
1.02543, 1.17728, 1.39063, 0.349, 0.482, 0.741
0.992159, 1.14349, 1.31778, 0.349, 0.4805, 0.7265
1.0504, 1.21599, 1.34121, 0.349, 0.4845, 0.731
1.03182, 1.19912, 1.31323, 0.349, 0.484, 0.724
1.0204, 1.21306, 1.30796, 0.349, 0.484, 0.7325
1.0205, 1.18115, 1.35193, 0.349, 0.481, 0.715
1.03415, 1.17027, 1.34318, 0.349, 0.4855, 0.7135
1.01692, 1.1729, 1.35597, 0.349, 0.484, 0.723
1.04221, 1.18189, 1.33643, 0.349, 0.484, 0.723
1.04353, 1.16329, 1.33744, 0.349, 0.4855, 0.729
1.12211, 1.18895, 1.32158, 0.349, 0.4875, 0.7245
1.03676, 1.16815, 1.36369, 0.349, 0.49, 0.722
1.06247, 1.17269, 1.33232, 0.349, 0.487, 0.725
1.00352, 1.19326, 1.33372, 0.349, 0.488, 0.7285
1.0046, 1.14563, 1.36845, 0.349, 0.4885, 0.7235
1.0479, 1.19223, 1.34633, 0.349, 0.488, 0.7255
1.05226, 1.20372, 1.28041, 0.349, 0.488, 0.726
1.01959, 1.18955, 1.31488, 0.349, 0.49, 0.7325
1.03998, 1.18347, 1.36677, 0.349, 0.489, 0.7325
1.03973, 1.19287, 1.33385, 0.349, 0.4835, 0.7395
0.996714, 1.17402, 1.34277, 0.349, 0.4865, 0.7365
1.03535, 1.18672, 1.34476, 0.349, 0.486, 0.7365
1.05488, 1.18157, 1.31869, 0.349, 0.49, 0.723
1.03445, 1.16041, 1.29685, 0.349, 0.4865, 0.734
1.02271, 1.20784, 1.33368, 0.349, 0.4885, 0.7435
1.01973, 1.17973, 1.34892, 0.349, 0.486, 0.736
1.01478, 1.17895, 1.34288, 0.349, 0.4875, 0.7305
1.05756, 1.17057, 1.31957, 0.349, 0.4895, 0.7265
1.00483, 1.1683, 1.30596, 0.349, 0.488, 0.726
1.05742, 1.20669, 1.32139, 0.349, 0.4865, 0.734
1.03984, 1.1654, 1.34637, 0.349, 0.49, 0.732
1.02351, 1.15952, 1.31638, 0.349, 0.4895, 0.7385
1.06043, 1.17465, 1.32514, 0.349, 0.4885, 0.7275
1.03014, 1.21227, 1.40653, 0.349, 0.4905, 0.742
1.03858, 1.18374, 1.35911, 0.349, 0.489, 0.7385
1.02127, 1.19181, 1.34752, 0.349, 0.49, 0.7315
1.0091, 1.20447, 1.30754, 0.349, 0.4895, 0.7475
1.0115, 1.22074, 1.37014, 0.349, 0.49, 0.7435
1.02956, 1.14935, 1.3304, 0.349, 0.489, 0.7285
1.02986, 1.16124, 1.31756, 0.349, 0.49, 0.738
1.01466, 1.20122, 1.32315, 0.349, 0.4925, 0.7345
1.05935, 1.19113, 1.37765, 0.349, 0.489, 0.7425
1.00187, 1.19319, 1.34133, 0.349, 0.493, 0.7305
1.03696, 1.16326, 1.3587, 0.349, 0.4935, 0.7375
1.05136, 1.17888, 1.32145, 0.349, 0.493, 0.731
1.054, 1.19102, 1.30544, 0.349, 0.4955, 0.744
1.03548, 1.23931, 1.31036, 0.349, 0.494, 0.738
1.0281, 1.19223, 1.36011, 0.349, 0.495, 0.7385
1.04123, 1.18956, 1.34933, 0.349, 0.494, 0.738
1.05001, 1.15812, 1.37071, 0.349, 0.4955, 0.7435
1.01634, 1.1926, 1.3754, 0.349, 0.496, 0.7395
1.07723, 1.19627, 1.39015, 0.349, 0.494, 0.744
1.06797, 1.18281, 1.3825, 0.349, 0.495, 0.7375
1.05421, 1.1811, 1.35373, 0.349, 0.495, 0.745
1.0343, 1.17746, 1.34963, 0.349, 0.4945, 0.7325
1.06177, 1.17817, 1.357, 0.349, 0.4935, 0.74
1.03627, 1.13695, 1.34232, 0.349, 0.4955, 0.73
1.06205, 1.16901, 1.36119, 0.349, 0.492, 0.7415
1.02999, 1.15994, 1.35574, 0.349, 0.4965, 0.7395
1.03028, 1.21438, 1.32359, 0.349, 0.497, 0.7315
1.06617, 1.1997, 1.35172, 0.349, 0.492, 0.745
1.05984, 1.19788, 1.31008, 0.349, 0.4945, 0.739
0.979557, 1.23208, 1.34469, 0.349, 0.495, 0.735
1.06589, 1.20821, 1.31888, 0.349, 0.4965, 0.7385
1.06064, 1.18506, 1.30212, 0.349, 0.4985, 0.7495
1.02893, 1.21741, 1.33445, 0.349, 0.4975, 0.74
1.06811, 1.16935, 1.33313, 0.349, 0.498, 0.7405
1.02475, 1.2009, 1.32639, 0.349, 0.4985, 0.743
1.02394, 1.18867, 1.31525, 0.349, 0.4995, 0.7405
1.02591, 1.19169, 1.33709, 0.349, 0.4975, 0.74
1.03223, 1.17077, 1.28143, 0.349, 0.4975, 0.732
1.05498, 1.21777, 1.38416, 0.349, 0.5, 0.7465
1.06765, 1.22381, 1.3369, 0.349, 0.5005, 0.7545
1.02058, 1.20033, 1.35555, 0.349, 0.4985, 0.7405
1.04706, 1.1668, 1.3812, 0.349, 0.4985, 0.75
1.0582, 1.22681, 1.32691, 0.349, 0.502, 0.744
1.03148, 1.17807, 1.35798, 0.349, 0.4985, 0.7525
1.07202, 1.22021, 1.31947, 0.349, 0.4995, 0.748
1.05362, 1.20539, 1.34925, 0.349, 0.5, 0.739
1.04799, 1.16319, 1.35129, 0.349, 0.502, 0.752
1.0224, 1.20918, 1.37828, 0.349, 0.499, 0.7435
1.05545, 1.19129, 1.33634, 0.349, 0.503, 0.743
1.03535, 1.22856, 1.34072, 0.349, 0.502, 0.7515
1.0785, 1.18106, 1.33476, 0.349, 0.501, 0.743
1.00633, 1.18548, 1.34474, 0.349, 0.501, 0.743
1.08953, 1.19779, 1.35002, 0.349, 0.503, 0.748
1.07119, 1.18147, 1.34314, 0.349, 0.501, 0.7495
1.07659, 1.16566, 1.35724, 0.349, 0.5015, 0.7545
1.0393, 1.20416, 1.38245, 0.349, 0.504, 0.7505
1.05575, 1.18912, 1.41124, 0.349, 0.5025, 0.763
1.07747, 1.19476, 1.33789, 0.349, 0.5045, 0.747
1.0074, 1.1964, 1.37252, 0.349, 0.5055, 0.754
1.04115, 1.20299, 1.31913, 0.349, 0.505, 0.7445
1.0291, 1.21797, 1.35609, 0.349, 0.5045, 0.7495
0.996714, 1.22511, 1.32169, 0.349, 0.503, 0.759
1.02375, 1.19775, 1.3468, 0.349, 0.506, 0.745
1.03964, 1.2226, 1.39686, 0.349, 0.507, 0.754
1.05565, 1.17051, 1.36654, 0.349, 0.5065, 0.7415
1.05622, 1.18248, 1.37634, 0.349, 0.5035, 0.748
1.03911, 1.16545, 1.34451, 0.349, 0.505, 0.745
1.03971, 1.22107, 1.34719, 0.349, 0.504, 0.7545
1.05533, 1.20761, 1.35714, 0.349, 0.506, 0.749
1.04924, 1.19053, 1.3468, 0.349, 0.504, 0.7425
1.04573, 1.20443, 1.3745, 0.3495, 0.5065, 0.754
1.04228, 1.2032, 1.35478, 0.3495, 0.5065, 0.751
1.04601, 1.22429, 1.33871, 0.3495, 0.5055, 0.747
1.01625, 1.19347, 1.35964, 0.3495, 0.5075, 0.7515
1.05251, 1.18864, 1.35306, 0.3495, 0.504, 0.752
1.04479, 1.17963, 1.34873, 0.3495, 0.5055, 0.7485
1.07055, 1.20645, 1.30637, 0.3495, 0.505, 0.75
0.998779, 1.19655, 1.36893, 0.3495, 0.506, 0.749
1.03957, 1.21459, 1.359, 0.3495, 0.506, 0.7455
1.03029, 1.17892, 1.34183, 0.3495, 0.5045, 0.746
1.03414, 1.20985, 1.3469, 0.3495, 0.503, 0.742
1.06054, 1.18756, 1.34794, 0.3495, 0.5065, 0.743
1.02511, 1.2295, 1.33241, 0.3495, 0.5065, 0.7565
1.06093, 1.27295, 1.34421, 0.3495, 0.5065, 0.7545
1.00149, 1.2392, 1.35386, 0.3495, 0.5065, 0.759
1.02922, 1.16272, 1.34073, 0.3495, 0.5055, 0.746
1.09853, 1.22409, 1.38424, 0.3495, 0.508, 0.7585
1.02918, 1.21378, 1.35369, 0.3495, 0.508, 0.753
1.06982, 1.19371, 1.33747, 0.3495, 0.509, 0.754
1.06731, 1.15267, 1.37007, 0.3495, 0.505, 0.756
1.04986, 1.21063, 1.3989, 0.3495, 0.5085, 0.7625
1.02794, 1.19613, 1.33445, 0.3495, 0.5105, 0.757
1.03155, 1.17664, 1.38665, 0.3495, 0.5095, 0.7565
1.05265, 1.20295, 1.38057, 0.3495, 0.509, 0.7605
1.05084, 1.199, 1.36265, 0.3495, 0.505, 0.7595
1.03587, 1.20076, 1.31473, 0.3495, 0.5095, 0.7555
1.03884, 1.25547, 1.36488, 0.3495, 0.5125, 0.757
1.03896, 1.17202, 1.3527, 0.3495, 0.509, 0.7545
1.05918, 1.23719, 1.40475, 0.3495, 0.5115, 0.754
1.02157, 1.21831, 1.33445, 0.3495, 0.514, 0.7565
1.0635, 1.1805, 1.30841, 0.3495, 0.512, 0.7505
1.03933, 1.2338, 1.34383, 0.3495, 0.5115, 0.749
1.02684, 1.22654, 1.34688, 0.3495, 0.509, 0.749
1.06756, 1.18642, 1.3627, 0.3495, 0.5105, 0.7535
1.05372, 1.18866, 1.38788, 0.3495, 0.511, 0.7735
1.04701, 1.2182, 1.34536, 0.3495, 0.5115, 0.7565
1.0377, 1.20163, 1.36691, 0.3495, 0.5135, 0.76
1.06472, 1.21481, 1.38756, 0.3495, 0.515, 0.752
1.03245, 1.17448, 1.35263, 0.3495, 0.5145, 0.7615
1.04584, 1.22056, 1.31993, 0.3495, 0.5145, 0.759
1.05558, 1.19369, 1.38123, 0.3495, 0.514, 0.765
1.0309, 1.19735, 1.35014, 0.3495, 0.5145, 0.7535
1.03455, 1.19229, 1.3112, 0.3495, 0.5135, 0.752
1.07317, 1.20841, 1.36375, 0.3495, 0.513, 0.762
1.03572, 1.22568, 1.35352, 0.3495, 0.5145, 0.756
1.04729, 1.2119, 1.36089, 0.3495, 0.5115, 0.764
1.00426, 1.1826, 1.39218, 0.3495, 0.514, 0.766
1.01216, 1.18476, 1.34922, 0.3495, 0.5135, 0.76
1.00856, 1.25164, 1.36429, 0.3495, 0.515, 0.7665
0.980681, 1.17987, 1.34555, 0.3495, 0.511, 0.7615
1.04735, 1.20869, 1.32494, 0.3495, 0.5155, 0.7515
1.02627, 1.22425, 1.34818, 0.3495, 0.5145, 0.762
1.05898, 1.22006, 1.34348, 0.3495, 0.515, 0.7635
1.06456, 1.24602, 1.35956, 0.3495, 0.519, 0.7715
1.03765, 1.25201, 1.35663, 0.3495, 0.5155, 0.767
1.05551, 1.19275, 1.35112, 0.3495, 0.516, 0.7735
1.03512, 1.21912, 1.36229, 0.3495, 0.5145, 0.7575
1.06346, 1.18462, 1.39845, 0.3495, 0.5175, 0.7675
1.06434, 1.20846, 1.39312, 0.3495, 0.516, 0.7705
0.998217, 1.2052, 1.37883, 0.3495, 0.5165, 0.759
1.05348, 1.22208, 1.39723, 0.3495, 0.5185, 0.7675
1.03891, 1.22197, 1.33662, 0.3495, 0.516, 0.7725
1.02905, 1.24915, 1.33548, 0.3495, 0.5175, 0.764
1.04187, 1.20565, 1.35217, 0.3495, 0.517, 0.766
1.06238, 1.21416, 1.38371, 0.3495, 0.5175, 0.77
1.0388, 1.21968, 1.37772, 0.3495, 0.5165, 0.7615
1.0333, 1.185, 1.37419, 0.3495, 0.5195, 0.768
1.07717, 1.20799, 1.41565, 0.3495, 0.517, 0.767
1.05721, 1.20858, 1.37458, 0.3495, 0.5185, 0.7705
1.05324, 1.23334, 1.36188, 0.3495, 0.5215, 0.772
1.04925, 1.22004, 1.31978, 0.3495, 0.52, 0.763
1.03252, 1.20603, 1.40778, 0.3495, 0.521, 0.7675
1.02506, 1.23851, 1.35115, 0.3495, 0.5175, 0.7575
1.03276, 1.21936, 1.3516, 0.3495, 0.5225, 0.769
1.02563, 1.19696, 1.36441, 0.3495, 0.5215, 0.767
1.00697, 1.18059, 1.31289, 0.3495, 0.521, 0.7575
1.07466, 1.23209, 1.37937, 0.3495, 0.5215, 0.755
1.0642, 1.2343, 1.37086, 0.3495, 0.5225, 0.7695
1.03406, 1.23023, 1.33877, 0.3495, 0.5215, 0.761
1.03033, 1.23573, 1.36244, 0.3495, 0.5245, 0.7595
1.04493, 1.2556, 1.37044, 0.3495, 0.521, 0.7665
0.942967, 1.20798, 1.37953, 0.3495, 0.5235, 0.7745
1.0526, 1.2285, 1.35059, 0.3495, 0.525, 0.7605
1.03326, 1.20255, 1.36857, 0.3495, 0.525, 0.7625
1.0553, 1.25402, 1.35357, 0.3495, 0.522, 0.7715
1.04444, 1.20259, 1.29594, 0.3495, 0.52, 0.754
1.03601, 1.2365, 1.36721, 0.3495, 0.525, 0.7655
1.02272, 1.20562, 1.34702, 0.3495, 0.523, 0.762
1.06935, 1.22937, 1.40002, 0.3495, 0.526, 0.7635
1.05753, 1.24353, 1.3631, 0.3495, 0.5285, 0.7735
1.03811, 1.23447, 1.37882, 0.3495, 0.525, 0.763
1.04396, 1.21877, 1.29471, 0.3495, 0.5255, 0.761
1.0154, 1.2177, 1.33545, 0.3495, 0.5285, 0.7645
1.0354, 1.24293, 1.30571, 0.3495, 0.5265, 0.7565
1.06045, 1.21013, 1.38193, 0.3495, 0.528, 0.7705
1.06116, 1.23759, 1.39895, 0.3495, 0.529, 0.7735
1.03811, 1.22426, 1.34529, 0.3495, 0.5275, 0.7675
1.04319, 1.26124, 1.40537, 0.3495, 0.526, 0.759
1.0722, 1.2268, 1.39827, 0.3495, 0.5285, 0.774
1.05323, 1.23498, 1.36666, 0.3495, 0.532, 0.7755
1.01938, 1.25751, 1.41519, 0.3495, 0.531, 0.7735
1.03429, 1.23361, 1.34564, 0.3495, 0.527, 0.7725
1.0528, 1.22706, 1.30534, 0.3495, 0.5295, 0.763
1.04474, 1.22349, 1.39037, 0.3495, 0.53, 0.771
1.00965, 1.21686, 1.37828, 0.3495, 0.529, 0.767
1.03799, 1.26941, 1.3678, 0.3495, 0.5315, 0.7705
1.02606, 1.23372, 1.42201, 0.3495, 0.531, 0.769
1.05977, 1.2097, 1.35761, 0.3495, 0.529, 0.764
1.05093, 1.23753, 1.36884, 0.3495, 0.531, 0.7735
1.10369, 1.16641, 1.37948, 0.3495, 0.53, 0.7735
1.02593, 1.23703, 1.34153, 0.3495, 0.531, 0.773
1.03556, 1.23945, 1.38241, 0.3495, 0.53, 0.769
1.09219, 1.24759, 1.33403, 0.3495, 0.53, 0.7645
1.03603, 1.27342, 1.34027, 0.3495, 0.5315, 0.7705
1.03038, 1.2298, 1.36179, 0.3495, 0.53, 0.777
1.05788, 1.25174, 1.34708, 0.3495, 0.5315, 0.77
1.03762, 1.24709, 1.35062, 0.3495, 0.5315, 0.77
0.994339, 1.26516, 1.38134, 0.3495, 0.5335, 0.769
1.04255, 1.254, 1.34081, 0.3495, 0.533, 0.769
1.01872, 1.23373, 1.37808, 0.3495, 0.5315, 0.772
1.05999, 1.2391, 1.36502, 0.3495, 0.5315, 0.776
1.01539, 1.1949, 1.34263, 0.3495, 0.531, 0.7655
1.05227, 1.22295, 1.35307, 0.3495, 0.533, 0.7775
1.01432, 1.20483, 1.3404, 0.3495, 0.535, 0.774
1.04449, 1.19924, 1.37321, 0.3495, 0.535, 0.791
1.01761, 1.22599, 1.37278, 0.3495, 0.5335, 0.769
1.05019, 1.24195, 1.35725, 0.3495, 0.536, 0.7695
1.04578, 1.24611, 1.3757, 0.3495, 0.537, 0.7755
1.0387, 1.27656, 1.37882, 0.3495, 0.5355, 0.7835
1.02769, 1.24325, 1.32044, 0.3495, 0.537, 0.7675
1.00833, 1.23053, 1.34763, 0.3495, 0.539, 0.77
1.04892, 1.25061, 1.35568, 0.3495, 0.539, 0.7655
1.04369, 1.24545, 1.33579, 0.3495, 0.535, 0.765
1.08373, 1.21807, 1.3571, 0.3495, 0.5395, 0.775
1.07077, 1.19953, 1.36988, 0.3495, 0.54, 0.78
1.06973, 1.22746, 1.35141, 0.3495, 0.5405, 0.768
1.08359, 1.24363, 1.39871, 0.3495, 0.5365, 0.7805
1.08064, 1.22574, 1.386, 0.3495, 0.5365, 0.778
1.03124, 1.2361, 1.38247, 0.3495, 0.541, 0.79
1.04447, 1.25284, 1.35427, 0.3495, 0.5405, 0.7735
1.08557, 1.2463, 1.35457, 0.3495, 0.5405, 0.776
1.03075, 1.26737, 1.39561, 0.3495, 0.5415, 0.7795
1.06119, 1.25826, 1.34999, 0.3495, 0.538, 0.774
1.06226, 1.27831, 1.35389, 0.3495, 0.542, 0.778
1.03925, 1.19673, 1.32896, 0.3495, 0.5395, 0.773
1.05547, 1.25432, 1.35394, 0.3495, 0.539, 0.769
1.02225, 1.22834, 1.34128, 0.3495, 0.542, 0.7765
1.04627, 1.20472, 1.34922, 0.3495, 0.5405, 0.777
1.06668, 1.18496, 1.38252, 0.3495, 0.542, 0.7825
1.10542, 1.2444, 1.3465, 0.3495, 0.544, 0.772
1.0702, 1.26862, 1.32347, 0.3495, 0.545, 0.7725
1.05567, 1.21366, 1.37358, 0.3495, 0.544, 0.7805
1.04448, 1.24937, 1.34655, 0.3495, 0.542, 0.772
1.01134, 1.25658, 1.378, 0.3495, 0.5445, 0.78
1.03483, 1.25022, 1.37656, 0.3495, 0.542, 0.7775
1.07331, 1.2515, 1.34112, 0.3495, 0.541, 0.777
1.0322, 1.23757, 1.38131, 0.3495, 0.54, 0.7775
1.03219, 1.23024, 1.36169, 0.3495, 0.5415, 0.7665
1.06641, 1.22105, 1.3502, 0.3495, 0.5435, 0.772
1.0678, 1.23292, 1.33927, 0.3495, 0.5425, 0.7695
1.02766, 1.26178, 1.36649, 0.3495, 0.544, 0.7695
1.05873, 1.19274, 1.3351, 0.3495, 0.5405, 0.7835
1.02469, 1.2517, 1.34604, 0.3495, 0.5475, 0.773
1.07046, 1.22536, 1.36242, 0.3495, 0.541, 0.777
1.01539, 1.25564, 1.37225, 0.3495, 0.5425, 0.7735
1.06812, 1.23863, 1.40312, 0.3495, 0.5425, 0.784
1.05568, 1.22617, 1.32637, 0.3495, 0.5435, 0.773
1.02715, 1.23028, 1.31276, 0.3495, 0.54, 0.78
1.05033, 1.24633, 1.33157, 0.3495, 0.546, 0.7775
1.03481, 1.24781, 1.40464, 0.3495, 0.5465, 0.7745
1.0195, 1.24141, 1.34804, 0.3495, 0.5465, 0.7785
1.02164, 1.26304, 1.3777, 0.3495, 0.548, 0.776
1.028, 1.20509, 1.36529, 0.3495, 0.548, 0.7785
1.05061, 1.21933, 1.32357, 0.3495, 0.545, 0.773
1.02955, 1.22556, 1.37538, 0.3495, 0.545, 0.785
1.04998, 1.22454, 1.33674, 0.3495, 0.5425, 0.7805
1.01616, 1.22442, 1.36804, 0.3495, 0.5465, 0.7765
1.03743, 1.24217, 1.37739, 0.3495, 0.543, 0.7805
1.03564, 1.21562, 1.32535, 0.3495, 0.545, 0.763
1.03887, 1.26604, 1.35742, 0.3495, 0.545, 0.787
1.05705, 1.23371, 1.37059, 0.3495, 0.549, 0.7805
1.08259, 1.26535, 1.35168, 0.3495, 0.547, 0.7755
1.05353, 1.26457, 1.37707, 0.3495, 0.548, 0.779
1.03531, 1.235, 1.33817, 0.3495, 0.5475, 0.779
1.0614, 1.23614, 1.35716, 0.3495, 0.5475, 0.7715
1.03604, 1.18698, 1.33668, 0.3495, 0.5445, 0.7715
1.04065, 1.24875, 1.36506, 0.3495, 0.547, 0.7885
1.04259, 1.28156, 1.349, 0.3495, 0.544, 0.7775
1.048, 1.25063, 1.37861, 0.3495, 0.5455, 0.782
1.06309, 1.22562, 1.31728, 0.3495, 0.5445, 0.771
1.03799, 1.24806, 1.3751, 0.3495, 0.547, 0.7795
1.0684, 1.22844, 1.34429, 0.3495, 0.545, 0.7665
1.0486, 1.22456, 1.35059, 0.3495, 0.546, 0.7865
1.03043, 1.27803, 1.3593, 0.3495, 0.5445, 0.7885
1.04576, 1.2289, 1.38232, 0.3495, 0.546, 0.775
1.02446, 1.25828, 1.31175, 0.3495, 0.5425, 0.7845
1.05265, 1.20839, 1.34951, 0.3495, 0.545, 0.7835
1.00882, 1.24781, 1.35411, 0.3495, 0.5475, 0.781
1.06783, 1.25659, 1.36587, 0.3495, 0.547, 0.782
1.01575, 1.23918, 1.33038, 0.3495, 0.5455, 0.776
1.07346, 1.26433, 1.34766, 0.3495, 0.548, 0.782
1.03773, 1.23641, 1.38592, 0.3495, 0.5485, 0.7845
1.06329, 1.24232, 1.35839, 0.3495, 0.5465, 0.79
1.06288, 1.29143, 1.33752, 0.3495, 0.55, 0.79
1.02454, 1.23003, 1.34368, 0.3495, 0.5495, 0.7785
1.03557, 1.22669, 1.32932, 0.3495, 0.5455, 0.7815
1.02326, 1.27319, 1.40476, 0.3495, 0.549, 0.791
1.02021, 1.21828, 1.35634, 0.3495, 0.5505, 0.7835
1.05122, 1.24517, 1.35884, 0.3495, 0.5485, 0.7765
1.03042, 1.22953, 1.33483, 0.3495, 0.5475, 0.783
1.02387, 1.25461, 1.37109, 0.3495, 0.55, 0.7895
1.07323, 1.21577, 1.31316, 0.3495, 0.549, 0.7765
1.03025, 1.27388, 1.38351, 0.3495, 0.5505, 0.782
1.0464, 1.22947, 1.33903, 0.3495, 0.5505, 0.768
1.05236, 1.22019, 1.39176, 0.3495, 0.551, 0.789
1.04026, 1.24121, 1.40264, 0.3495, 0.5505, 0.787
1.04683, 1.22617, 1.38155, 0.3495, 0.551, 0.7795
1.01822, 1.24752, 1.36839, 0.3495, 0.553, 0.782
1.01292, 1.26079, 1.35365, 0.3495, 0.5505, 0.779
1.0649, 1.25951, 1.32803, 0.3495, 0.552, 0.787
1.05666, 1.25031, 1.35004, 0.3495, 0.5505, 0.784
1.03212, 1.25077, 1.36827, 0.3495, 0.5535, 0.775
1.05705, 1.27973, 1.37219, 0.3495, 0.551, 0.7825
1.05288, 1.24789, 1.35449, 0.3495, 0.5545, 0.7845
1.02901, 1.23413, 1.35258, 0.3495, 0.5515, 0.783
1.05476, 1.28637, 1.34015, 0.3495, 0.5525, 0.7855
1.00732, 1.24302, 1.39753, 0.3495, 0.552, 0.7825
1.05858, 1.25083, 1.38174, 0.3495, 0.553, 0.7895
1.06887, 1.26166, 1.34386, 0.3495, 0.555, 0.775
1.09872, 1.20419, 1.34521, 0.3495, 0.554, 0.78
1.05403, 1.24889, 1.36584, 0.3495, 0.5515, 0.7785
1.07048, 1.22611, 1.33207, 0.3495, 0.5515, 0.779
1.02178, 1.24422, 1.3829, 0.3495, 0.5525, 0.7865
1.0407, 1.27883, 1.3341, 0.3495, 0.555, 0.771
1.00368, 1.21595, 1.34326, 0.3495, 0.5555, 0.7875
1.03202, 1.24288, 1.40363, 0.3495, 0.5565, 0.7835
1.04582, 1.24984, 1.35344, 0.3495, 0.554, 0.7915
1.06025, 1.26096, 1.35897, 0.3495, 0.5555, 0.7915
1.05031, 1.25024, 1.36763, 0.3495, 0.558, 0.7895
1.04904, 1.26782, 1.37269, 0.3495, 0.554, 0.7875
1.03647, 1.28018, 1.38189, 0.3495, 0.5555, 0.797
1.05741, 1.25508, 1.39024, 0.3495, 0.5555, 0.7935
1.05194, 1.25371, 1.36101, 0.3495, 0.5555, 0.7795
1.02328, 1.23812, 1.33626, 0.3495, 0.5565, 0.7735
1.04198, 1.27177, 1.38577, 0.3495, 0.5575, 0.7905
1.05321, 1.22397, 1.38031, 0.3495, 0.552, 0.794
1.01243, 1.24348, 1.41947, 0.3495, 0.556, 0.787
1.07749, 1.2677, 1.3647, 0.3495, 0.5585, 0.784
1.01922, 1.25444, 1.334, 0.3495, 0.5595, 0.7785
1.06024, 1.24434, 1.33167, 0.3495, 0.558, 0.778
1.05523, 1.22639, 1.34005, 0.3495, 0.5575, 0.7755
1.04341, 1.21368, 1.38207, 0.3495, 0.558, 0.78
1.03311, 1.2123, 1.37937, 0.3495, 0.559, 0.7835
1.04159, 1.23739, 1.37688, 0.3495, 0.5555, 0.7755
1.0335, 1.24431, 1.3288, 0.3495, 0.5565, 0.7835
0.983796, 1.26392, 1.38897, 0.3495, 0.556, 0.789
1.02181, 1.25258, 1.35673, 0.3495, 0.557, 0.775
1.03965, 1.25622, 1.38034, 0.3495, 0.5575, 0.7875
1.02732, 1.23982, 1.36011, 0.3495, 0.559, 0.789
1.01976, 1.25233, 1.31832, 0.3495, 0.56, 0.794
1.03176, 1.25592, 1.38423, 0.3495, 0.561, 0.797
1.02765, 1.25642, 1.37302, 0.3495, 0.56, 0.7905
1.0148, 1.26064, 1.3826, 0.3495, 0.5625, 0.7835
1.03449, 1.24223, 1.36977, 0.3495, 0.5645, 0.7935
1.03608, 1.28609, 1.3487, 0.3495, 0.5645, 0.788
1.06972, 1.26749, 1.32209, 0.3495, 0.5625, 0.789
1.02143, 1.25273, 1.36439, 0.3495, 0.561, 0.793
1.03643, 1.28187, 1.419, 0.3495, 0.5595, 0.788
1.04002, 1.24125, 1.39717, 0.3495, 0.5605, 0.7955
1.05204, 1.29318, 1.34775, 0.3495, 0.5595, 0.7955
1.04398, 1.27288, 1.38614, 0.3495, 0.5595, 0.7925
1.01826, 1.27914, 1.33179, 0.3495, 0.5645, 0.7895
1.03139, 1.23596, 1.34892, 0.3495, 0.561, 0.794
1.06118, 1.24743, 1.36307, 0.3495, 0.565, 0.788
1.03187, 1.26194, 1.29681, 0.3495, 0.565, 0.7885
1.02104, 1.27376, 1.39779, 0.3495, 0.562, 0.8005
1.03742, 1.24634, 1.36452, 0.3495, 0.5645, 0.793
1.06639, 1.27225, 1.36284, 0.3495, 0.562, 0.7825
1.03447, 1.25459, 1.39901, 0.3495, 0.5635, 0.7925
1.05052, 1.2214, 1.36971, 0.3495, 0.5655, 0.786
1.04263, 1.23194, 1.35129, 0.3495, 0.564, 0.7785
1.05231, 1.26183, 1.38181, 0.3495, 0.562, 0.7905
1.04023, 1.28594, 1.36836, 0.3495, 0.562, 0.778
1.07162, 1.29001, 1.36488, 0.3495, 0.5655, 0.784
1.00265, 1.22432, 1.40234, 0.3495, 0.5625, 0.7985
1.04195, 1.29023, 1.4109, 0.3495, 0.5645, 0.799
1.07956, 1.23874, 1.32901, 0.3495, 0.5625, 0.7845
1.06349, 1.26234, 1.34658, 0.3495, 0.5635, 0.786
1.07415, 1.25698, 1.33952, 0.3495, 0.5625, 0.788
1.04865, 1.22419, 1.31874, 0.3495, 0.564, 0.789
1.02285, 1.25901, 1.40038, 0.3495, 0.5655, 0.7925
1.05257, 1.25077, 1.37025, 0.3495, 0.5635, 0.798
0.986466, 1.27907, 1.29983, 0.3495, 0.5625, 0.783
1.03929, 1.22999, 1.3243, 0.3495, 0.562, 0.78
1.05834, 1.27215, 1.40241, 0.3495, 0.563, 0.7985
1.0197, 1.24009, 1.35437, 0.3495, 0.563, 0.7875
0.985727, 1.29297, 1.35411, 0.3495, 0.563, 0.7885
1.03132, 1.23759, 1.35632, 0.3495, 0.5645, 0.7845
1.03881, 1.22499, 1.35491, 0.3495, 0.5625, 0.782
1.0301, 1.24445, 1.34829, 0.3495, 0.564, 0.786
1.05347, 1.23687, 1.37298, 0.3495, 0.562, 0.79
1.05198, 1.27715, 1.34152, 0.3495, 0.5635, 0.7895
1.04431, 1.26529, 1.42156, 0.3495, 0.5635, 0.7925
1.04932, 1.24572, 1.3801, 0.3495, 0.564, 0.795
1.01562, 1.26213, 1.37776, 0.3495, 0.5665, 0.794
1.06654, 1.24706, 1.35038, 0.3495, 0.564, 0.7815
1.07339, 1.30007, 1.36942, 0.3495, 0.566, 0.792
1.0487, 1.24203, 1.36031, 0.3495, 0.564, 0.791
1.0599, 1.29073, 1.3719, 0.3495, 0.5665, 0.7945
1.03862, 1.26828, 1.36765, 0.3495, 0.565, 0.7975
0.992924, 1.2559, 1.35606, 0.3495, 0.568, 0.795
1.04229, 1.26727, 1.41524, 0.3495, 0.5625, 0.792
1.02052, 1.2869, 1.35161, 0.3495, 0.564, 0.7935
1.03888, 1.3043, 1.33782, 0.3495, 0.563, 0.78
1.04218, 1.26761, 1.36408, 0.3495, 0.564, 0.785
1.04078, 1.28778, 1.34757, 0.3495, 0.5685, 0.7885
1.03697, 1.22158, 1.38672, 0.3495, 0.566, 0.805
0.996102, 1.23373, 1.3585, 0.3495, 0.567, 0.788
1.05708, 1.2552, 1.34808, 0.3495, 0.5685, 0.79
1.05039, 1.28188, 1.37423, 0.3495, 0.568, 0.7885
1.0742, 1.2765, 1.35163, 0.3495, 0.569, 0.79
1.05674, 1.26565, 1.40307, 0.3495, 0.57, 0.7805
1.04691, 1.24323, 1.35883, 0.3495, 0.5655, 0.777
1.06375, 1.25198, 1.34193, 0.3495, 0.5695, 0.784
1.06701, 1.2743, 1.36406, 0.3495, 0.5715, 0.7855
1.0556, 1.30695, 1.29695, 0.3495, 0.5695, 0.779
1.03686, 1.28241, 1.3894, 0.3495, 0.57, 0.8005
1.02801, 1.24812, 1.36798, 0.3495, 0.5685, 0.7805
1.03156, 1.2697, 1.35425, 0.3495, 0.569, 0.7875
1.05409, 1.28592, 1.39422, 0.3495, 0.5705, 0.796
1.03653, 1.2829, 1.35243, 0.3495, 0.568, 0.781
1.00678, 1.28656, 1.39896, 0.3495, 0.5725, 0.7965
1.06046, 1.27113, 1.38772, 0.3495, 0.571, 0.8055
1.01523, 1.29171, 1.31704, 0.3495, 0.5705, 0.7905
1.05693, 1.28773, 1.33858, 0.3495, 0.5715, 0.792
1.02857, 1.25652, 1.33376, 0.3495, 0.5705, 0.7875
1.06555, 1.28106, 1.40193, 0.3495, 0.5725, 0.796
1.0425, 1.24776, 1.4, 0.3495, 0.5705, 0.8025
1.07302, 1.29651, 1.35942, 0.3495, 0.571, 0.799
1.01339, 1.2869, 1.40371, 0.3495, 0.5725, 0.8085
1.01499, 1.22713, 1.33885, 0.3495, 0.571, 0.799
1.08749, 1.29813, 1.34975, 0.3495, 0.5695, 0.7945
1.04393, 1.24813, 1.37203, 0.3495, 0.575, 0.787
1.03484, 1.23207, 1.38493, 0.3495, 0.5745, 0.793
1.04018, 1.21686, 1.38202, 0.3495, 0.5765, 0.7985
1.0381, 1.26359, 1.33545, 0.3495, 0.5745, 0.794
1.05823, 1.23114, 1.43006, 0.3495, 0.573, 0.803
1.03374, 1.26651, 1.40371, 0.3495, 0.5755, 0.796
1.06117, 1.29054, 1.35357, 0.3495, 0.571, 0.796
1.04913, 1.24155, 1.35777, 0.3495, 0.5725, 0.8
1.01871, 1.31863, 1.3672, 0.3495, 0.5745, 0.8085
1.07784, 1.30081, 1.32419, 0.3495, 0.5735, 0.794
1.05132, 1.29518, 1.34771, 0.3495, 0.572, 0.794
1.04809, 1.26, 1.35506, 0.3495, 0.5715, 0.7895
1.06621, 1.28213, 1.37493, 0.3495, 0.574, 0.793
1.02038, 1.22633, 1.3963, 0.3495, 0.575, 0.806
1.04674, 1.29203, 1.39177, 0.3495, 0.5725, 0.801
1.02841, 1.26278, 1.38741, 0.3495, 0.5725, 0.8085
1.06548, 1.27103, 1.39406, 0.3495, 0.576, 0.795
1.06662, 1.28947, 1.37789, 0.3495, 0.575, 0.8035
1.01541, 1.27983, 1.34, 0.3495, 0.5745, 0.7855
1.02655, 1.28649, 1.32487, 0.3495, 0.576, 0.7895
1.02121, 1.25881, 1.32851, 0.3495, 0.576, 0.782
1.04273, 1.24628, 1.34143, 0.3495, 0.577, 0.789
1.06099, 1.25447, 1.37174, 0.3495, 0.579, 0.7995
1.07664, 1.26403, 1.37433, 0.3495, 0.5785, 0.789
1.07961, 1.26494, 1.37514, 0.3495, 0.5755, 0.795
1.00937, 1.27482, 1.36981, 0.3495, 0.579, 0.806
1.0168, 1.23227, 1.40443, 0.3495, 0.579, 0.7915
1.03554, 1.30788, 1.32109, 0.3495, 0.5775, 0.7965
1.05359, 1.27696, 1.36625, 0.3495, 0.5755, 0.795
1.05954, 1.22174, 1.35007, 0.3495, 0.5785, 0.8
1.03784, 1.24062, 1.39378, 0.3495, 0.578, 0.7995
1.02981, 1.27857, 1.38046, 0.3495, 0.58, 0.7985
1.02497, 1.29058, 1.34311, 0.3495, 0.579, 0.79
1.02708, 1.27402, 1.35811, 0.3495, 0.5775, 0.8025
1.09741, 1.27436, 1.36506, 0.3495, 0.5755, 0.8015
1.03733, 1.28916, 1.37322, 0.3495, 0.578, 0.8
1.04568, 1.25937, 1.39157, 0.3495, 0.578, 0.7925
1.05542, 1.27685, 1.35764, 0.3495, 0.577, 0.8025
1.03129, 1.23616, 1.34756, 0.3495, 0.5795, 0.7985
1.01092, 1.26281, 1.38476, 0.3495, 0.578, 0.8015
1.01617, 1.26556, 1.38006, 0.3495, 0.578, 0.792
1.03497, 1.26439, 1.37555, 0.3495, 0.577, 0.8045
1.01898, 1.29206, 1.42883, 0.3495, 0.5795, 0.804
1.0623, 1.28451, 1.3404, 0.3495, 0.5795, 0.798
1.02771, 1.26538, 1.36618, 0.3495, 0.579, 0.797
1.04204, 1.29869, 1.39719, 0.3495, 0.581, 0.8005
1.08245, 1.25169, 1.3652, 0.3495, 0.582, 0.793
1.02272, 1.30484, 1.38405, 0.3495, 0.582, 0.8005
1.03024, 1.26975, 1.34123, 0.3495, 0.581, 0.787
1.04564, 1.26614, 1.35181, 0.3495, 0.5805, 0.7955
1.05717, 1.28237, 1.37157, 0.3495, 0.5815, 0.808
1.04636, 1.2531, 1.37403, 0.3495, 0.5795, 0.79
1.03215, 1.26728, 1.37439, 0.3495, 0.5835, 0.796
1.03608, 1.24298, 1.36031, 0.3495, 0.5825, 0.801
1.03255, 1.31519, 1.37064, 0.3495, 0.583, 0.7945
1.03727, 1.26389, 1.38432, 0.3495, 0.583, 0.803
1.05445, 1.26967, 1.37679, 0.3495, 0.5825, 0.7975
1.0708, 1.28999, 1.37586, 0.3495, 0.582, 0.799
1.02518, 1.26163, 1.38319, 0.3495, 0.582, 0.791
1.05787, 1.21902, 1.38422, 0.3495, 0.579, 0.7985
1.02091, 1.25294, 1.36258, 0.3495, 0.5805, 0.7895
1.04785, 1.2724, 1.40582, 0.3495, 0.582, 0.806
1.05691, 1.2563, 1.39928, 0.3495, 0.5845, 0.7985
1.04801, 1.29887, 1.40934, 0.3495, 0.5825, 0.8015
1.02998, 1.29616, 1.37444, 0.3495, 0.584, 0.8015
1.04011, 1.29494, 1.36907, 0.3495, 0.585, 0.802
1.02688, 1.2951, 1.39673, 0.3495, 0.584, 0.8045
1.05395, 1.25713, 1.34651, 0.3495, 0.5845, 0.8015
1.05397, 1.27743, 1.34128, 0.3495, 0.5825, 0.8075
1.06303, 1.28849, 1.39196, 0.3495, 0.586, 0.8075
1.03347, 1.28419, 1.37127, 0.3495, 0.587, 0.8035
1.029, 1.28967, 1.40674, 0.3495, 0.5835, 0.8025
1.04822, 1.2982, 1.30286, 0.3495, 0.5855, 0.79
1.03837, 1.30124, 1.41583, 0.3495, 0.5885, 0.804
1.06928, 1.30984, 1.38008, 0.3495, 0.5855, 0.7945
1.04912, 1.28405, 1.37476, 0.3495, 0.5875, 0.8
1.03056, 1.27058, 1.40778, 0.3495, 0.587, 0.806
1.01513, 1.26375, 1.3179, 0.3495, 0.583, 0.793
1.0159, 1.31296, 1.33352, 0.3495, 0.589, 0.7985
1.05057, 1.2661, 1.37467, 0.3495, 0.5885, 0.801
1.04354, 1.27502, 1.4023, 0.3495, 0.59, 0.797
1.07387, 1.25834, 1.39877, 0.3495, 0.589, 0.814
1.0046, 1.2845, 1.4037, 0.3495, 0.5905, 0.8015
1.03119, 1.24868, 1.34747, 0.3495, 0.5875, 0.8035
1.05647, 1.27664, 1.33253, 0.3495, 0.591, 0.791
1.02744, 1.27222, 1.38621, 0.3495, 0.588, 0.794
1.02953, 1.27475, 1.33833, 0.3495, 0.591, 0.8045
1.06951, 1.26399, 1.35532, 0.3495, 0.589, 0.805
1.04748, 1.28421, 1.32519, 0.3495, 0.5935, 0.7975
1.08252, 1.30854, 1.40579, 0.3495, 0.592, 0.7965
1.07993, 1.32475, 1.36956, 0.3495, 0.592, 0.7885
0.973271, 1.27825, 1.36178, 0.3495, 0.5905, 0.8015
1.04932, 1.32735, 1.37116, 0.3495, 0.5935, 0.8005
1.01354, 1.27409, 1.40727, 0.3495, 0.593, 0.8115
1.00373, 1.28442, 1.36564, 0.3495, 0.593, 0.8085
1.0485, 1.27418, 1.3925, 0.3495, 0.593, 0.8055
1.03539, 1.26622, 1.37647, 0.3495, 0.595, 0.8045
1.07276, 1.2833, 1.37861, 0.3495, 0.593, 0.8035
1.03214, 1.29738, 1.35161, 0.3495, 0.5945, 0.8035
1.06827, 1.27653, 1.35284, 0.3495, 0.5915, 0.7935
1.01697, 1.30857, 1.37598, 0.3495, 0.595, 0.798
0.99901, 1.29951, 1.40281, 0.3495, 0.593, 0.797
1.04917, 1.31867, 1.34786, 0.3495, 0.592, 0.7945
1.03354, 1.25367, 1.3953, 0.3495, 0.592, 0.804
1.07944, 1.33149, 1.37152, 0.3495, 0.593, 0.8015
1.06305, 1.2896, 1.36501, 0.3495, 0.595, 0.8
1.04345, 1.35577, 1.35873, 0.3495, 0.597, 0.7965
1.0316, 1.30879, 1.34084, 0.3495, 0.596, 0.7985
1.03514, 1.2767, 1.39048, 0.3495, 0.593, 0.8005
1.04467, 1.26023, 1.37752, 0.3495, 0.595, 0.801
1.0586, 1.28918, 1.34875, 0.3495, 0.6, 0.7945
1.02712, 1.288, 1.35458, 0.3495, 0.598, 0.807
1.03961, 1.2877, 1.37486, 0.3495, 0.5975, 0.8035
1.0143, 1.29314, 1.35988, 0.3495, 0.5985, 0.7985
1.0687, 1.32792, 1.36083, 0.3495, 0.598, 0.8045
0.98759, 1.28594, 1.33905, 0.3495, 0.5955, 0.7905
1.01927, 1.28853, 1.43389, 0.3495, 0.595, 0.808
1.0605, 1.28701, 1.3584, 0.3495, 0.597, 0.798
1.04846, 1.26711, 1.37766, 0.3495, 0.603, 0.7965
1.05272, 1.30987, 1.35136, 0.3495, 0.6005, 0.7965
1.01913, 1.31397, 1.41685, 0.3495, 0.6015, 0.8095
1.05733, 1.28624, 1.41047, 0.3495, 0.601, 0.8
1.03812, 1.30797, 1.39108, 0.3495, 0.6, 0.811
1.08045, 1.28371, 1.3475, 0.3495, 0.595, 0.7995
1.05365, 1.30303, 1.38804, 0.3495, 0.602, 0.805
1.02575, 1.27332, 1.34951, 0.3495, 0.6005, 0.79
1.07907, 1.29524, 1.34057, 0.3495, 0.6025, 0.7985
1.07857, 1.32104, 1.31741, 0.3495, 0.6, 0.7855
1.04907, 1.27348, 1.37352, 0.3495, 0.601, 0.7895
1.08018, 1.25326, 1.39953, 0.3495, 0.5975, 0.7995
1.04637, 1.30177, 1.32211, 0.3495, 0.599, 0.81
1.03398, 1.25903, 1.32062, 0.3495, 0.597, 0.8025
1.02944, 1.28611, 1.31092, 0.3495, 0.597, 0.802
1.04603, 1.29948, 1.37911, 0.3495, 0.5995, 0.8005
1.00847, 1.30748, 1.37508, 0.3495, 0.604, 0.791
1.03404, 1.30052, 1.32211, 0.3495, 0.598, 0.797
1.09289, 1.2999, 1.36901, 0.3495, 0.5985, 0.802
1.02811, 1.30934, 1.29754, 0.3495, 0.6, 0.7975
1.034, 1.27788, 1.33971, 0.3495, 0.598, 0.8105
1.04403, 1.30015, 1.38915, 0.3495, 0.596, 0.8045
1.04725, 1.26219, 1.349, 0.3495, 0.595, 0.8015
1.07553, 1.29018, 1.36716, 0.3495, 0.6005, 0.7995
1.08585, 1.31184, 1.43791, 0.3495, 0.5975, 0.8105
1.054, 1.3017, 1.35905, 0.3495, 0.6, 0.8065
1.04776, 1.32175, 1.3869, 0.3495, 0.603, 0.7955
1.0308, 1.29346, 1.3237, 0.3495, 0.6005, 0.8055
1.05319, 1.31928, 1.36499, 0.3495, 0.601, 0.8015
1.0472, 1.2819, 1.34231, 0.3495, 0.5995, 0.8075
1.06622, 1.29864, 1.41885, 0.3495, 0.599, 0.8085
1.04987, 1.30888, 1.36219, 0.3495, 0.6045, 0.805
1.00732, 1.29368, 1.37538, 0.3495, 0.606, 0.7995
1.08885, 1.27492, 1.41145, 0.3495, 0.605, 0.8105
1.011, 1.25039, 1.32506, 0.3495, 0.6, 0.798
1.03255, 1.2636, 1.30684, 0.3495, 0.5995, 0.785
1.03839, 1.30699, 1.38799, 0.3495, 0.602, 0.8065
1.00318, 1.31232, 1.38092, 0.3495, 0.6, 0.797
1.05658, 1.3072, 1.37392, 0.3495, 0.605, 0.7935
1.05022, 1.30546, 1.36412, 0.3495, 0.605, 0.802
1.06402, 1.27454, 1.38436, 0.3495, 0.6045, 0.802
1.03449, 1.26576, 1.3758, 0.3495, 0.605, 0.804
1.06781, 1.27858, 1.33752, 0.3495, 0.604, 0.7975
1.05403, 1.31123, 1.38764, 0.3495, 0.6055, 0.7935
1.01739, 1.27994, 1.39476, 0.3495, 0.6065, 0.8135
1.02312, 1.30157, 1.36911, 0.3495, 0.6055, 0.8
1.05, 1.3196, 1.32934, 0.3495, 0.6085, 0.8005
1.08295, 1.30502, 1.36041, 0.3495, 0.6015, 0.801
0.978375, 1.33518, 1.36513, 0.3495, 0.6055, 0.811
1.02212, 1.33435, 1.39586, 0.3495, 0.6085, 0.8055
1.05227, 1.2926, 1.34162, 0.3495, 0.6045, 0.805
0.998347, 1.25897, 1.33744, 0.3495, 0.6085, 0.8005
1.02637, 1.31011, 1.3148, 0.3495, 0.6055, 0.7985
1.05864, 1.29913, 1.37024, 0.3495, 0.605, 0.8065
1.04392, 1.30414, 1.36459, 0.3495, 0.607, 0.8085
1.06045, 1.30017, 1.37966, 0.3495, 0.605, 0.801
1.06494, 1.3306, 1.34192, 0.3495, 0.608, 0.803
1.06959, 1.31223, 1.33092, 0.3495, 0.608, 0.8065
0.998125, 1.30882, 1.40361, 0.3495, 0.606, 0.8055
1.05424, 1.30943, 1.37645, 0.3495, 0.611, 0.801
1.03095, 1.29412, 1.34694, 0.3495, 0.604, 0.794
1.02065, 1.29974, 1.40981, 0.3495, 0.607, 0.814
1.05577, 1.28793, 1.38644, 0.3495, 0.608, 0.808
1.08849, 1.36773, 1.38328, 0.3495, 0.609, 0.8035
1.04264, 1.27201, 1.35066, 0.3495, 0.6075, 0.796
1.02674, 1.27261, 1.35421, 0.3495, 0.6085, 0.796
1.02054, 1.31809, 1.3511, 0.3495, 0.609, 0.8015
1.01366, 1.28938, 1.36137, 0.3495, 0.6085, 0.8135
1.00601, 1.34355, 1.33548, 0.3495, 0.6075, 0.8125
1.01728, 1.31547, 1.35917, 0.3495, 0.6085, 0.806
1.04078, 1.28986, 1.38282, 0.3495, 0.612, 0.803
1.08698, 1.2976, 1.35557, 0.3495, 0.6105, 0.804
1.03044, 1.26509, 1.33916, 0.3495, 0.6095, 0.7995
1.05801, 1.27206, 1.37641, 0.3495, 0.612, 0.805
1.05203, 1.28294, 1.4079, 0.3495, 0.611, 0.8055
1.0503, 1.29386, 1.37562, 0.3495, 0.6105, 0.808
1.04633, 1.30091, 1.35152, 0.3495, 0.61, 0.8025
1.06373, 1.27206, 1.37817, 0.3495, 0.6055, 0.804
1.07928, 1.31349, 1.34757, 0.3495, 0.606, 0.797
